,Number of new latrines to build,Number of latrines to maintain,Number of new wells to drill,Number of wells to repair,Availability HWT,HW stations to build,percentage of infants to vaccinate,Access to tmt,percent adults given MDA,percent youth given Albendazole,Mortality,Morbidity,Timeliness,CapEx,OpEx
0,8083,3823,1,1684,23,1432,95,70,63,99,6047.15859375,87926.175,-0.8944181799888611,1464447926272.0,3209738846208.0
1,7837,3838,4,716,20,5025,49,57,0,100,5864.273046875,86470.75625,-0.8952112793922424,1568056803328.0,1950486888448.0
2,321,468,36,8,0,37,3,8,0,88,9259.0328125,120168.6125,-0.3086887001991272,241549459456.0,302975221760.0
3,8673,2329,2,1075,47,4893,55,59,72,100,5811.44453125,85452.375,-0.9016937613487244,1698532294656.0,3193222463488.0
4,5729,2560,22,8,7,1911,13,52,39,100,6429.48125,95311.675,-0.7635782361030579,1179657699328.0,734030856192.0
5,3673,3562,39,10,1,1309,28,10,24,100,6777.590625,100466.05,-0.6267552971839905,886828040192.0,504236867584.0
6,3260,3578,11,61,2,1693,36,12,33,100,6790.35625,100271.925,-0.6184595823287964,685581336576.0,637414539264.0
7,4670,3799,4,435,10,103,38,49,55,99,6892.996875,100202.1125,-0.7056018710136414,837191008256.0,1350393266176.0
8,7836,3609,2,1309,42,2053,67,50,39,99,6035.9390625,88139.9375,-0.8898491859436035,1449224306688.0,3268469587968.0
9,2177,3613,3,1358,15,3450,8,48,3,99,6871.38125,100964.95,-0.5908640027046204,520188100608.0,2122529243136.0
10,7199,3562,4,1054,3,1165,4,54,35,98,6317.584765625,91888.79375,-0.8649917244911194,1316180983808.0,1450254532608.0
11,7643,3622,4,114,8,103,41,49,55,98,6424.02578125,92764.375,-0.8665890693664551,1354730831872.0,1007936864256.0
12,7681,3656,3,436,10,3431,25,41,8,99,5990.340625,87876.8375,-0.8887996673583984,1477631016960.0,1207051747328.0
13,4061,3623,11,252,0,1821,35,48,36,100,6503.49921875,97418.08125,-0.6828396320343018,829688971264.0,879611412480.0
14,7779,3606,0,509,36,2939,76,60,55,99,5992.953515625,87644.81875,-0.8912875652313232,1461383331840.0,2470456852480.0
15,5816,3694,5,1512,4,1799,17,43,52,100,6257.09453125,92698.85,-0.8162575960159302,1103676833792.0,1935050539008.0
16,3930,3556,0,811,62,5366,48,52,72,100,6465.891015625,96156.45625,-0.7054570913314819,879886073856.0,3421509779456.0
17,5496,3610,10,1513,61,3847,17,35,15,100,6226.91015625,92727.575,-0.8016214966773987,1148282339328.0,3728724721664.0
18,2405,3354,3,339,1,1386,7,52,56,93,7685.41328125,108172.725,-0.5426850318908691,484583669760.0,835829760000.0
19,6240,3630,3,1002,3,1977,12,35,36,98,6370.0,93211.81875,-0.8333189487457275,1173740060672.0,1396048134144.0
20,5661,2575,24,28,3,136,13,59,32,99,6831.015625,99564.14375,-0.7207643985748291,1113308397568.0,644719116288.0
21,446,3637,3,60,3,226,3,4,1,100,7604.815625,108382.25,-0.4225437343120575,101244166144.0,430826029056.0
22,8476,3823,3,203,42,3463,46,62,55,99,5891.980078125,85963.76875,-0.9040268659591675,1617192419328.0,2231037067264.0
23,5661,3097,22,7,0,1664,29,43,38,90,7276.4375,101718.8875,-0.7525324821472168,1158809649152.0,590618034176.0
24,7696,3566,0,1741,38,1257,15,58,55,100,6036.93359375,88636.1125,-0.8840448260307312,1385575088128.0,3252109705216.0
25,7,3743,3,883,13,129,3,5,60,93,8444.50859375,114359.0,-0.404197096824646,21284478976.0,1495356145664.0
26,4698,3560,0,1243,63,2933,76,52,55,100,6381.1703125,94755.4625,-0.7578058242797852,924823715840.0,3971808493568.0
27,4320,3602,4,34,1,1274,60,54,44,99,6776.828125,99901.0125,-0.6721717715263367,818981109760.0,877778698240.0
28,4050,3556,12,195,1,2281,60,51,39,100,6508.366015625,97247.725,-0.6916574835777283,849674895360.0,1000019197952.0
29,4704,3601,3,106,35,1992,60,32,59,100,6513.09609375,96370.5625,-0.7347413301467896,906900340736.0,1943629987840.0
30,7750,3792,10,28,26,183,26,56,56,100,6208.70078125,90744.80625,-0.8742870688438416,1406995791872.0,1447905329152.0
31,5120,3090,2,1385,12,1787,47,43,52,100,6410.23671875,95001.88125,-0.7614438533782959,966719438848.0,2261701623808.0
32,8862,3822,3,587,63,1840,73,32,55,100,5864.434765625,85537.3,-0.9079763889312744,1625180078080.0,3303622311936.0
33,7808,3741,5,627,33,1348,60,54,64,99,6124.012109375,89167.9125,-0.8859842419624329,1433991905280.0,2375794032640.0
34,8003,3567,7,60,7,3091,4,56,63,100,5895.23671875,86808.6875,-0.8934765458106995,1541761925120.0,739219210240.0
35,6815,3566,3,1001,27,2055,48,32,59,100,6096.04453125,89984.0125,-0.8646094799041748,1276681650176.0,2376571551744.0
36,3681,3593,10,646,5,2806,28,76,6,98,6757.91015625,99078.5375,-0.674268901348114,794351370240.0,1378038972416.0
37,3068,3581,2,1675,11,1799,31,38,52,100,6705.1875,99009.83125,-0.6403861045837402,609944862720.0,2385862197248.0
38,1254,3473,3,1525,34,1739,23,51,4,100,6977.2640625,102289.65,-0.5445122122764587,297095036928.0,3004292661248.0
39,7,3743,3,21,13,889,0,6,35,92,8388.6234375,113863.25,-0.4144524931907654,49009283072.0,722110578688.0
40,2941,3413,5,397,0,1902,13,50,75,98,6819.21328125,100410.2875,-0.616897463798523,606954192896.0,903066025984.0
41,58,3357,2,876,10,54,2,48,39,100,7569.60546875,107952.4875,-0.4327187240123749,22306562048.0,1569823653888.0
42,30,3600,4,835,2,129,3,5,60,98,7767.03125,109556.625,-0.42994552850723267,30408314880.0,1101911818240.0
43,5785,3624,9,35,30,2740,24,59,71,99,6328.23515625,93397.1,-0.8085768818855286,1153088094208.0,1590946037760.0
44,5822,3350,2,1073,32,2300,40,52,40,100,6233.8359375,92506.4125,-0.8116559386253357,1107637829632.0,2608984227840.0
45,67,3638,2,1852,3,237,4,7,30,100,7432.446875,106710.6125,-0.45536112785339355,30549116928.0,2012956590080.0
46,7521,3822,3,843,62,5920,77,56,55,100,5891.685546875,86878.475,-0.8908454179763794,1540577296384.0,3585270087680.0
47,5950,3615,3,823,15,3085,11,48,3,100,6170.50078125,91762.30625,-0.8247557282447815,1163676876800.0,1647969566720.0
48,3486,3630,4,981,58,2036,59,47,58,100,6622.2,97928.2625,-0.6707941293716431,701596237824.0,3490471215104.0
49,5766,3622,9,1047,2,2296,24,35,8,99,6310.894921875,93417.36875,-0.8098397254943848,1133583400960.0,1463427923968.0
50,3906,3149,0,1068,50,1904,60,57,12,100,6602.55390625,97749.1125,-0.6774827241897583,749414514688.0,3328367132672.0
51,2465,3625,20,3,2,59,11,10,0,98,7577.3171875,107918.0875,-0.49424120783805847,533659582464.0,415063932928.0
52,4525,3560,11,60,0,2294,48,59,56,100,6378.81015625,95915.5125,-0.7158057689666748,927717195776.0,850963726336.0
53,5120,3102,1,865,12,1668,31,40,60,100,6443.337890625,95398.7625,-0.758075475692749,957258203136.0,1714199724032.0
54,1,3609,5,29,61,888,24,58,34,100,7372.625,106145.875,-0.45823386311531067,58168324096.0,2682382450688.0
55,3068,3090,2,1686,12,1787,32,37,52,100,6734.01171875,99371.1625,-0.6266511082649231,609507147776.0,2433233977344.0
56,4472,3810,3,1225,49,2810,56,0,28,99,6506.57890625,96065.9375,-0.744958221912384,896354484224.0,3223392354304.0
57,6304,3600,2,524,2,778,11,48,3,100,6359.34609375,94030.24375,-0.8218727707862854,1136021864448.0,976090955776.0
58,3841,3600,4,1225,0,3170,24,61,20,99,6518.655859375,97405.50625,-0.6842073202133179,804762943488.0,1681925865472.0
59,6337,3647,4,247,7,3070,12,57,36,100,6115.012890625,90773.36875,-0.8456376791000366,1235618365440.0,941326991360.0
60,4537,3792,10,99,18,1193,11,56,57,100,6665.325,98213.78125,-0.7076852321624756,884521697280.0,1184484425728.0
61,3833,3559,4,1835,62,2871,55,37,72,100,6524.22578125,96761.2625,-0.6965548992156982,792462622720.0,4301073416192.0
62,1,492,4,71,1,221,3,9,3,99,7786.940625,110548.3125,-0.3748171627521515,28716156928.0,407981293568.0
63,224,3601,4,828,6,1806,12,1,51,100,7079.5375,103303.7,-0.5128608345985413,125356785664.0,1259914002432.0
64,3905,3679,0,972,7,903,39,50,11,100,6752.36171875,99349.0375,-0.6676433086395264,712723726336.0,1710921613312.0
65,6392,3102,4,1134,1,2074,12,43,59,100,6138.968359375,91643.64375,-0.8322309851646423,1208858705920.0,1494010429440.0
66,1726,1588,36,8,0,7558,2,8,60,92,7568.86875,106495.175,-0.5168063640594482,760498094080.0,321271037952.0
67,4224,3827,3,1014,13,1400,53,63,33,100,6590.59375,97349.2625,-0.7120118737220764,801745797120.0,2068433207296.0
68,4159,3626,21,26,1,3430,3,10,33,91,7317.32265625,103721.93125,-0.6786725521087646,956645179392.0,355676684288.0
69,2174,3629,3,1355,3,2826,79,63,16,100,6792.3234375,100166.625,-0.5960263609886169,496902406144.0,2211649159168.0
70,3938,3021,0,51,34,2931,50,57,51,100,6553.46484375,97244.3,-0.6762003302574158,792450039808.0,1891204726784.0
71,3337,3559,4,1579,63,2864,55,35,20,100,6613.27421875,98027.475,-0.6600706577301025,705863614464.0,4095953338368.0
72,6465,3593,5,1020,2,770,11,52,36,100,6296.528125,93037.1,-0.8364096283912659,1179116896256.0,1433284640768.0
73,8673,2585,2,1037,35,5359,52,52,72,100,5798.653125,85234.225,-0.9033931493759155,1715532070912.0,2740606730240.0
74,7811,3561,3,1932,37,2297,12,62,0,100,5932.42109375,87403.425,-0.8899983763694763,1458893357056.0,3353265569792.0
75,35,3631,8,973,2,154,28,3,60,99,7620.18359375,108343.525,-0.43969690799713135,52670713856.0,1373497458688.0
76,6375,3600,3,627,13,882,11,55,60,99,6418.32109375,93961.15,-0.8311405181884766,1157295505408.0,1464098619392.0
77,4095,3621,10,920,1,664,0,53,56,100,6716.321875,99465.6,-0.6714958548545837,788280180736.0,1288667922432.0
78,3353,3759,3,635,34,1231,20,52,63,100,6783.334375,99750.6875,-0.6439693570137024,643957129216.0,2215135150080.0
79,2191,3658,3,1484,61,2490,62,61,47,100,6795.5015625,100141.5,-0.5984965562820435,487604486144.0,4103538737152.0
80,1,3600,4,924,2,257,28,5,56,92,8502.2171875,114865.7125,-0.4059794247150421,30029434880.0,1328516169728.0
81,6,3820,4,187,13,226,60,53,28,99,7749.76796875,109324.125,-0.41864264011383057,29768957952.0,1448729116672.0
82,4103,3811,3,899,13,894,3,57,61,98,6910.2640625,100394.7,-0.6823566555976868,762223329280.0,1673301458944.0
83,699,3544,3,1996,35,1064,59,58,40,100,7113.621875,103497.375,-0.5198665857315063,175856648192.0,3712970129408.0
84,5478,3743,4,395,2,1847,16,52,63,99,6437.75234375,95009.29375,-0.7900764346122742,1041468686336.0,939043127296.0
85,1025,3101,2,661,12,1784,30,48,40,100,7019.60625,102657.89375,-0.5308777093887329,253752295424.0,1594892746752.0
86,1672,3694,0,1611,38,2271,11,60,0,100,6874.62109375,101241.775,-0.569657027721405,373907849216.0,3158412361728.0
87,31,3603,4,102,2,862,3,6,67,99,7455.75625,106962.05,-0.45814579725265503,57322242048.0,477776084992.0
88,3319,3563,2,1366,12,2352,40,43,11,100,6636.5484375,98309.84375,-0.6565946936607361,673812447232.0,2198323593216.0
89,5023,3602,2,1170,28,1672,44,35,43,100,6419.25078125,95062.75,-0.7670453190803528,945638604800.0,2543467102208.0
90,7649,3838,5,1547,52,1800,20,40,63,99,6063.7015625,88575.0625,-0.8870363831520081,1422802026496.0,3509231550464.0
91,6456,2512,4,3,11,920,1,7,42,100,6445.72109375,95093.175,-0.7943394184112549,1177902120960.0,644852088832.0
92,8638,3636,3,468,3,1375,99,7,40,100,5948.12109375,86775.0125,-0.9010519981384277,1569222950912.0,1362378883072.0
93,1819,3743,2,1011,45,1675,31,5,3,100,6902.1890625,101411.15625,-0.5740860104560852,387995533312.0,2789039407104.0
94,7498,3355,0,981,60,1267,51,51,8,100,6103.434375,89735.675,-0.8747128844261169,1351472119808.0,3467126243328.0
95,5383,3422,4,394,2,1800,12,51,55,99,6481.734765625,95684.35,-0.7744229435920715,1023216779264.0,908678660096.0
96,4609,3553,4,1556,63,1275,55,35,36,100,6546.146484375,96728.4125,-0.7303328514099121,869326585856.0,4068584980480.0
97,7910,3810,5,1864,62,2554,56,7,39,100,5894.34296875,86618.36875,-0.8958923816680908,1495742676992.0,4203519148032.0
98,7655,3794,3,1235,51,2171,39,28,19,99,6042.63984375,88400.1375,-0.8872845768928528,1427140640768.0,3262411964416.0
99,2369,3600,3,14,0,3194,11,55,3,100,6608.45390625,99341.61875,-0.5968688726425171,544272580608.0,575928139776.0
100,4480,3349,2,1101,28,1904,44,59,43,100,6490.9890625,96207.34375,-0.7258127331733704,859576270848.0,2563908829184.0
101,2329,3813,5,577,61,2571,0,53,56,100,6753.9828125,99769.00625,-0.6095486283302307,524822380544.0,2929972477952.0
102,5761,3816,3,396,2,1328,0,53,4,99,6472.086328125,95401.5375,-0.7971231937408447,1066680320000.0,818651070464.0
103,7865,3620,0,468,62,2854,64,8,40,100,5908.026171875,86899.19375,-0.8933520913124084,1473253081088.0,3046897614848.0
104,6648,3423,4,106,13,1225,12,58,44,92,7068.76640625,99189.45625,-0.8222842812538147,1222452051968.0,1011400441856.0
105,4678,3560,3,788,1,3210,12,8,52,100,6331.86796875,94927.65,-0.7518447637557983,946807046144.0,1080516935680.0
106,6374,3567,4,524,28,1266,10,59,32,100,6290.457421875,92859.3625,-0.833340585231781,1176249434112.0,1851225538560.0
107,2746,3563,12,212,2,5505,16,59,56,100,6634.39140625,98719.06875,-0.628399133682251,740286070784.0,824918016000.0
108,6150,3613,4,1867,48,1253,63,9,3,99,6377.791796875,93660.5,-0.8231977224349976,1136781426688.0,3797267251200.0
109,7257,3560,3,1052,3,1266,92,59,56,99,6208.9359375,90620.86875,-0.8712149858474731,1324842221568.0,1980217032704.0
110,5360,3631,7,693,2,2271,12,3,0,99,6384.7078125,94583.9125,-0.7861382365226746,1051755020288.0,982287581184.0
111,7286,3826,9,113,1,3953,19,63,14,99,5993.7625,88877.16875,-0.8782738447189331,1458632261632.0,689962352640.0
112,766,3558,0,1964,62,2831,11,3,20,100,6966.6859375,102263.275,-0.5331324338912964,236620152832.0,4052887535616.0
113,3035,3820,3,9,12,5240,42,15,33,100,6600.4265625,97996.63125,-0.6526485681533813,734847959040.0,956783198208.0
114,6337,3631,4,12,2,3380,12,55,3,100,6111.228125,91148.65,-0.8394020199775696,1246927388672.0,559925362688.0
115,4611,3546,0,821,61,2802,51,3,11,99,6501.675,96051.3375,-0.7443608045578003,904899919872.0,3233927135232.0
116,1176,3809,4,1941,3,4731,60,32,31,100,6873.2109375,101187.3875,-0.5575625896453857,397784940544.0,2516497727488.0
117,1531,3821,3,9,52,2999,43,9,25,99,6967.971875,101903.2125,-0.5654795169830322,391280001024.0,2245872058368.0
118,1830,3822,1,178,1,2360,57,29,60,100,6788.7125,100724.725,-0.5813703536987305,409779208192.0,921789530112.0
119,4863,3116,2,1103,3,1576,56,37,40,100,6494.29375,96101.5625,-0.7391786575317383,914283560960.0,1759689310208.0
120,5382,3561,3,1417,1,1780,52,20,43,100,6305.55234375,94111.71875,-0.785831868648529,1017192841216.0,1894796492800.0
121,3396,3607,11,244,4,2590,8,56,52,100,6602.53046875,97894.0,-0.6652374267578125,741978931200.0,844561186816.0
122,8510,3611,5,113,0,5731,9,8,51,100,5687.35,84643.675,-0.9047071933746338,1716087685120.0,447849103360.0
123,2934,3354,2,1101,31,2818,40,60,20,100,6688.1703125,98999.9875,-0.6295175552368164,623791374336.0,2651625357312.0
124,7808,3349,3,1970,35,2177,51,62,55,100,5943.4125,87397.60625,-0.8898125886917114,1453993623552.0,3567027224576.0
125,4033,3614,3,123,5,1793,34,13,62,91,7617.50859375,105971.5125,-0.6475074291229248,782833287168.0,775522222080.0
126,8937,3805,3,1068,51,1917,55,67,16,100,5838.67265625,85266.425,-0.9091728925704956,1641045032960.0,3315311575040.0
127,4999,3805,0,1130,13,5363,23,0,19,100,6279.50859375,93605.025,-0.7803462743759155,1065868263424.0,1781536784384.0
128,2621,3539,2,815,3,1795,0,37,40,100,6780.2140625,100001.25625,-0.6122594475746155,531985235968.0,1194065526784.0
129,5822,2327,3,116,3,720,0,10,31,96,7014.7265625,100712.0875,-0.7309419512748718,1055119245312.0,478527750144.0
130,1776,3653,31,61,3,1610,2,2,60,99,7101.125,103206.58125,-0.5459136962890625,526618787840.0,441916653568.0
131,517,3348,0,39,15,3198,4,18,26,100,6989.278125,102532.7875,-0.5221746563911438,206662402048.0,875850170368.0
132,2644,3560,0,1117,63,2941,84,59,40,100,6720.19765625,99259.46875,-0.6212242841720581,567555194880.0,3961686065152.0
133,5760,3809,5,576,37,1289,63,60,55,100,6372.718359375,94003.25,-0.8078454732894897,1075323600896.0,2504688140288.0
134,705,3350,1,1875,1,2303,9,3,4,100,6957.13828125,102743.85,-0.5229178667068481,211859849216.0,1967398060032.0
135,1817,3614,0,77,62,2359,59,29,44,100,6861.8234375,100905.3625,-0.5749718546867371,402359582720.0,2800811769856.0
136,766,3577,4,1964,62,2864,8,3,40,100,6962.39765625,102180.3375,-0.5346955060958862,258304000000.0,4040222572544.0
137,62,3119,7,971,3,254,3,6,60,99,7604.965625,108053.1125,-0.4417370557785034,55898882048.0,1256099545088.0
138,7194,3618,3,1267,51,2107,24,31,3,99,6120.23125,89833.7625,-0.8732581734657288,1344554795008.0,3208191934464.0
139,2431,3473,3,1301,4,1771,18,27,8,99,6922.81015625,101347.825,-0.5946172475814819,503154573312.0,1702924124160.0
140,3833,3559,0,1835,62,2824,52,37,75,100,6524.983203125,96766.2375,-0.6966150999069214,770268200960.0,4284704882688.0
141,6423,3801,0,2,12,3222,6,59,3,99,6197.7484375,91535.6,-0.8466819524765015,1235654541312.0,844174393344.0
142,7674,3476,4,111,3,2808,30,17,37,99,6044.337109375,88623.1375,-0.8833586573600769,1458805669888.0,675705716736.0
143,740,3808,3,1234,60,1915,39,32,19,100,7012.46796875,102619.3,-0.533033549785614,214038446080.0,3635655737344.0
144,774,3798,27,28,2,780,4,12,3,100,7332.3375,106123.15,-0.4684807062149048,301432307712.0,410929168384.0
145,5254,3802,0,1098,19,2829,40,35,20,100,6279.83671875,93351.525,-0.7928886413574219,1017818120192.0,2154694574080.0
146,6374,3613,0,1867,63,2810,59,6,67,100,6104.001171875,90379.075,-0.8518535494804382,1212094742528.0,4268506218496.0
147,4742,3553,3,1995,38,1269,51,50,9,100,6519.473046875,96442.91875,-0.7389395833015442,887140515840.0,3654467715072.0
148,4863,3116,2,1200,3,1576,56,37,40,100,6490.54140625,96058.125,-0.7396056056022644,914283560960.0,1843443007488.0
149,3833,3359,3,212,49,2760,43,37,72,100,6542.2484375,97023.66875,-0.6873368620872498,783293480960.0,2413280624640.0
150,2182,3815,4,1941,62,2824,59,32,19,100,6777.8765625,100027.6625,-0.6010333895683289,503342039040.0,4404647297024.0
151,3958,3812,0,1866,50,2868,43,37,52,100,6490.078125,96354.65625,-0.7119673490524292,793633161216.0,3863048093696.0
152,806,3798,6,205,1,1855,5,13,3,100,6950.84921875,102728.90625,-0.5307698249816895,238698856448.0,541196320768.0
153,551,3730,4,1049,60,1688,28,42,23,99,7168.34609375,103984.91875,-0.5184001922607422,177976295424.0,3452989603840.0
154,4614,3778,4,1033,52,2295,20,40,31,99,6503.659375,96009.16875,-0.7504770755767822,907406868480.0,3069336616960.0
155,8729,3749,3,1132,50,252,8,2,28,100,6003.751953125,87487.625,-0.8994002938270569,1544097234944.0,2889955409920.0
156,4792,3806,5,576,34,758,35,52,55,99,6730.42265625,98378.125,-0.7346605062484741,887443161088.0,2232618844160.0
157,4954,3562,0,1243,63,2837,48,52,11,100,6345.67109375,94362.875,-0.7693397402763367,965886017536.0,3794097405952.0
158,6815,3357,0,562,35,2302,11,48,48,100,6099.665625,90228.5125,-0.8605440855026245,1270331998208.0,2083946102784.0
159,5305,3617,0,1236,0,2826,80,36,55,100,6194.146484375,93082.175,-0.7879738211631775,1026586771456.0,1945392644096.0
160,1567,3552,4,604,2,1790,16,9,48,100,6912.5515625,101720.775,-0.5610690712928772,358562529280.0,986909114368.0
161,819,3639,4,1075,61,2373,2,1,63,100,6971.796875,102204.74375,-0.5374884605407715,249618579456.0,3201468203008.0
162,6752,3822,5,1644,61,2286,15,0,48,100,6060.059765625,89595.0625,-0.8671111464500427,1284381212672.0,3730563399680.0
163,7347,2577,0,1140,2,1262,35,56,7,99,6239.97421875,91724.7875,-0.857639729976654,1325003440128.0,1667073572864.0
164,4094,3567,5,76,1,766,28,6,58,100,6802.30234375,100518.73125,-0.6458393335342407,766227185664.0,563042648064.0
165,7354,3355,4,1796,0,2825,3,51,11,100,5900.390625,88302.33125,-0.8757328391075134,1403720433664.0,1986525528064.0
166,710,3357,5,1196,58,2057,2,15,39,100,7016.371875,102714.5,-0.5258148908615112,224236158976.0,3258531184640.0
167,6398,3819,7,1069,32,771,60,11,55,99,6396.55625,93503.375,-0.8399491310119629,1177729892352.0,2604280840192.0
168,5751,3358,5,604,0,6400,16,22,15,100,6084.44453125,91856.74375,-0.8043068647384644,1260206030848.0,945104945152.0
169,962,1811,7,70,0,2033,3,10,3,92,7787.9109375,108630.325,-0.481704980134964,277468807168.0,363215093760.0
170,6401,3536,7,28,1,509,3,10,63,67,10158.9484375,121767.925,-0.7365865707397461,1168694444032.0,338974932992.0
171,3251,3611,4,1075,61,2372,28,62,48,100,6637.2078125,98271.14375,-0.6563198566436768,672944619520.0,3538518540288.0
172,4001,3814,4,1836,60,1796,55,60,11,100,6551.574609375,97052.3875,-0.7045530676841736,782492041216.0,4287875776512.0
173,8769,3814,5,1935,0,5636,83,0,48,100,5676.496484375,84122.19375,-0.9099385738372803,1757708812288.0,2436256497664.0
174,135,3344,0,883,28,769,60,59,60,98,7512.521875,106899.525,-0.47839537262916565,51553927168.0,2561287913472.0
175,4625,3815,26,112,0,2555,51,0,48,100,6307.39921875,94891.525,-0.7430956959724426,1031446331392.0,685412843520.0
176,63,3628,4,109,0,2248,3,22,0,96,7343.03671875,105476.6,-0.49775072932243347,113454088192.0,460269420544.0
177,962,2796,7,4,1,1010,3,15,60,96,7709.5,109188.4375,-0.4508284330368042,240149774336.0,398038335488.0
178,7366,3614,0,1172,1,2254,8,59,55,100,5955.031640625,88466.3,-0.8800405859947205,1364499103744.0,1548895518720.0
179,5518,3658,4,1074,52,2356,16,58,31,99,6353.44296875,93807.3375,-0.7996466159820557,1067000201216.0,3130791034880.0
180,3680,3563,0,1965,63,2289,91,56,55,100,6579.834375,97370.96875,-0.6839709877967834,724117094400.0,4709982666752.0
181,4865,3543,2,3,2,782,60,8,55,90,7796.62421875,107405.6375,-0.6733664870262146,885666611200.0,710709346304.0
182,582,3810,2,1195,58,2289,23,0,47,100,7001.35234375,102505.6625,-0.5307688117027283,195057270784.0,3328601751552.0
183,8048,3540,4,563,1,1851,30,1,60,100,5933.049609375,87712.75,-0.8909180760383606,1489000333312.0,970556375040.0
184,5004,3630,0,1130,2,2828,16,24,27,100,6315.670703125,94207.36875,-0.7733256220817566,974261846016.0,1467319713792.0
185,8768,3783,4,32,0,2309,8,0,63,100,5764.87109375,85476.3625,-0.9031140208244324,1631045681152.0,352082395136.0
186,2116,3566,0,1133,31,2818,44,56,63,100,6793.4328125,100154.59375,-0.5941947102546692,471153934336.0,2716845735936.0
187,5254,3671,4,1997,52,1786,19,53,28,99,6442.0171875,94987.43125,-0.7805970311164856,1000249622528.0,3931796406272.0
188,918,3359,2,559,56,1790,40,51,40,100,7022.80390625,102668.2375,-0.5316219329833984,235344674816.0,3008391020544.0
189,4001,3810,5,977,12,1788,24,4,12,100,6561.50703125,97213.43125,-0.7024632096290588,787320340480.0,1635474210816.0
190,1230,3785,7,1644,13,2443,61,15,51,100,6922.1296875,101566.325,-0.5566803216934204,339079036928.0,2539177902080.0
191,6338,3560,4,18,0,3052,0,15,7,60,10196.77109375,119797.35,-0.7627202868461609,1235136020480.0,258075688960.0
192,2174,3567,4,915,0,2309,35,5,56,100,6700.53984375,100014.6375,-0.5887970924377441,483162259456.0,1303849730048.0
193,4604,3630,3,1124,2,1292,16,8,32,100,6537.39921875,96919.7375,-0.7288841605186462,863956500480.0,1415035486208.0
194,2297,3607,2,1011,14,3965,4,7,60,100,6730.8078125,99578.14375,-0.605671226978302,554744938496.0,1648131440640.0
195,817,3549,21,1867,0,4043,2,8,15,100,6828.4875,101746.95,-0.5314549207687378,397232013312.0,1913666535424.0
196,5402,3610,0,845,62,3734,60,60,11,100,6248.3625,92965.4375,-0.7971089482307434,1076596572160.0,3504664477696.0
197,14,3822,5,29,0,249,3,10,59,98,7687.21328125,109197.5625,-0.4117635488510132,37120638976.0,376436883456.0
198,7966,3472,0,35,4,1156,51,54,8,99,6185.647265625,90170.89375,-0.879461407661438,1428892155904.0,858348781568.0
199,6870,3818,2,113,3,5644,76,63,48,99,6067.413671875,89269.05,-0.872820258140564,1412062642176.0,1082790445056.0
200,4096,3374,3,99,2,1806,24,51,55,95,7167.2484375,102772.375,-0.6537355184555054,794274562048.0,731425734656.0
201,7924,3561,0,1037,24,3297,79,59,12,99,5967.708203125,87333.13125,-0.8935446739196777,1499684405248.0,2536852946944.0
202,7942,3098,27,5,0,3277,2,0,7,35,12944.003125,131854.3625,-0.8011982440948486,1640328200192.0,171165138944.0
203,8166,3614,10,1226,62,2170,31,0,60,100,5898.551171875,86531.93125,-0.8979284167289734,1551898902528.0,3495572537344.0
204,4806,3354,5,941,50,2296,31,8,40,100,6400.77421875,95060.5125,-0.7537854909896851,945986600960.0,2892731514880.0
205,7985,2839,4,13,0,276,3,7,4,62,10121.69140625,118198.225,-0.8118863105773926,1420577079296.0,243246759936.0
206,456,3351,2,18,1,514,3,9,3,94,8205.4875,113390.775,-0.39810216426849365,108371197952.0,351251890176.0
207,8831,3821,1818,40,0,5659,8,15,60,99,5738.6546875,84579.9375,-0.9098095297813416,11051899813888.0,401558732800.0
208,71,3816,0,1011,0,156,60,11,51,100,7378.43203125,106872.5375,-0.44469189643859863,18050560000.0,1592459788288.0
209,3711,3563,0,1965,63,2289,91,56,55,100,6574.6984375,97303.60625,-0.6860339641571045,729513525248.0,4709433737216.0
210,4230,3818,0,1205,51,3286,83,59,10,99,6540.1671875,96577.425,-0.7271811962127686,856231706624.0,3602829017088.0
211,761,3795,6,80,13,3302,61,8,48,99,7059.7296875,102836.06875,-0.5354244709014893,283651899392.0,1164280987648.0
212,8897,3815,1050,0,0,6648,20,43,15,100,5652.6046875,83922.3875,-0.9108203053474426,7167308988416.0,507008712704.0
213,6785,3943,228,8,0,4330,0,8,11,99,5983.840625,89192.9375,-0.8676803708076477,2506450796544.0,279395893248.0
214,14,3603,3,9,0,2085,3,6,3,37,16614.634375,158568.85,-0.21142281591892242,93857906688.0,218535755776.0
215,8050,3561,5,18,0,785,0,11,4,1,19606.975,160963.625,-0.7393683195114136,1455580774400.0,162555215872.0
216,7166,3943,248,23,0,7957,3,8,4,99,5910.8875,88034.39375,-0.8790978789329529,2807488839680.0,306445615104.0
217,60,3345,0,994,29,768,19,55,63,95,7873.10078125,109734.5125,-0.46195879578590393,38461440000.0,2420989493248.0
218,3201,3558,2,1980,38,4108,18,53,48,100,6597.94609375,97951.75,-0.6547262072563171,717329924096.0,3490367668224.0
219,188,2590,4,15,0,129,0,4,15,26,21710.1625,179935.975,0.030821604654192924,57912967168.0,187393441792.0
220,8187,3357,4,837,34,2170,31,3,51,100,5918.22890625,86866.50625,-0.8956953883171082,1524834500608.0,2268248145920.0
221,6338,2585,20,43,1,244,3,11,11,74,9487.9578125,118650.0625,-0.7001913189888,1214620106752.0,336219602944.0
222,6549,3808,24,19,0,4093,2,12,14,59,10119.859375,118491.9375,-0.7906036972999573,1412242604032.0,262628655104.0
223,8154,3810,5,1968,1,3941,4,4,60,100,5794.683203125,85847.575,-0.9003374576568604,1588815724544.0,2039983112192.0
224,62,3564,4,12,0,2586,0,6,3,58,12622.68046875,139129.55,-0.31897926330566406,125610229760.0,227991437312.0
225,6633,3615,4,12,0,2941,4,8,50,59,10213.18125,119174.85,-0.7859534621238708,1282440298496.0,274359533568.0
226,8154,3869,5,1971,0,3298,4,4,59,100,5761.906640625,85685.15,-0.8993887305259705,1565359079424.0,2011902640128.0
227,6338,3576,4,23,0,190,1,4,0,27,16402.85625,152893.525,-0.638128399848938,1130730094592.0,182118776832.0
228,7942,3354,7,101,63,3285,19,23,4,100,5908.85859375,87179.5,-0.8900941610336304,1538220228608.0,2532586815488.0
229,5298,2833,5,12,0,777,0,4,4,60,11434.17734375,130381.2625,-0.5882462859153748,976220848128.0,212639875072.0
230,8141,3567,2,13,0,1809,5,11,16,62,9637.3890625,113710.5625,-0.8415748476982117,1493417590784.0,276133281792.0
231,2521,3859,5,544,7,1537,26,44,0,100,6844.1625,100698.65625,-0.6048437356948853,520525512704.0,1249239498752.0
232,6841,3809,7,1196,57,2294,16,48,55,100,6048.959375,89376.76875,-0.8698005676269531,1310406475776.0,3368125988864.0
233,7486,3814,4,8,0,5642,1,0,14,50,10858.8625,120846.4625,-0.8230607509613037,1529463308288.0,192154386432.0
234,2877,3562,5,115,15,3321,3,3,4,99,6770.534375,99762.4125,-0.6273021697998047,647578255360.0,855902978048.0
235,6336,3425,4,11,0,2056,7,51,55,100,6143.02734375,92277.5375,-0.8198705911636353,1198453686272.0,512092110848.0
236,1214,2576,27,19,0,2578,0,3,4,60,12100.0390625,136098.0,-0.3555009067058563,443618557952.0,220015394816.0
237,6776,3608,0,82,62,1807,7,71,55,100,6192.105859375,91438.35,-0.8531956672668457,1245485465600.0,2589008330752.0
238,5938,3054,26,20,0,1269,0,5,4,33,15155.1171875,147912.7125,-0.6074792146682739,1213100064768.0,186721304576.0
239,8897,3859,45,465,27,5882,23,63,62,100,5727.465234375,83920.14375,-0.9135986566543579,1993765027840.0,1853175103488.0
240,64,3863,0,1052,0,252,19,52,63,88,8862.55625,117344.95,-0.39140886068344116,20334080000.0,1542234046464.0
241,286,3611,6,1879,62,2310,59,7,56,100,7045.4984375,102883.35,-0.5183846354484558,164775690240.0,4304707780608.0
242,4536,3346,3,1969,63,2061,88,56,40,100,6465.685546875,95823.18125,-0.7335124015808105,880172072960.0,4679711850496.0
243,1358,3353,7,1642,1,3323,4,58,48,100,6838.6453125,101426.0375,-0.5525815486907959,393463693312.0,1979930116096.0
244,8897,3818,3,48,6,6650,5,44,52,100,5725.4734375,83967.6375,-0.9130461812019348,1806741536768.0,658289655808.0
245,57,2576,2,13,0,225,5,7,63,66,12661.4671875,140035.225,-0.21774624288082123,28370556928.0,319520145408.0
246,7166,3865,251,8,0,4106,0,0,14,50,11029.321875,122661.0,-0.807370126247406,2682364624896.0,186424918016.0
247,7969,3344,4,60,1,2045,60,6,59,100,5964.701953125,88311.825,-0.8849669694900513,1482324836352.0,729374523392.0
248,6974,3864,229,8,0,2837,0,7,4,97,6175.625390625,90619.25625,-0.8661529421806335,2490008076288.0,268358172672.0
249,126,3375,4,231,2,245,4,9,56,99,7695.31796875,109144.175,-0.4214072525501251,51351674880.0,603972501504.0
250,3407,3350,7,1621,0,2822,59,58,55,100,6520.269921875,97780.10625,-0.653529703617096,731877146624.0,2250270572544.0
251,4225,3860,1,595,0,5883,31,63,48,100,6298.81953125,95030.725,-0.7270140647888184,955219836928.0,1200048701440.0
252,3900,3437,4,819,62,2312,2,23,47,100,6542.6265625,97090.625,-0.6919397711753845,783733751808.0,3061607563264.0
253,3918,3566,6,20,0,3074,0,4,4,30,15924.71875,153064.45,-0.45540764927864075,824904974336.0,181057716224.0
254,6913,3609,7,55,0,2356,62,60,12,100,6016.084375,90149.94375,-0.8573814034461975,1325202014208.0,886799073280.0
255,4740,3349,0,1149,63,2710,44,59,8,100,6399.103125,95153.1125,-0.7490468621253967,924000059392.0,3714634743808.0
256,8056,3822,4,238,63,5382,14,40,63,100,5825.389453125,85754.9875,-0.9003157615661621,1619203719168.0,2694366101504.0
257,1,3792,4,12,2,65,7,9,39,100,7705.3515625,109457.2375,-0.3967188000679016,23025274880.0,429943554048.0
258,96,3408,3,836,34,774,19,4,59,100,7266.07890625,105026.1,-0.48853445053100586,60307202048.0,2242179760128.0
259,7521,3606,0,33,0,2409,26,4,6,92,6586.68515625,93176.25625,-0.8703703284263611,1397135900672.0,433369546752.0
260,6341,3558,7,8,0,1800,0,11,16,29,15175.69375,146325.1125,-0.6781236529350281,1205345320960.0,199460569088.0
261,7938,3556,506,21,0,1925,0,7,11,99,5971.758203125,88276.7625,-0.8858594298362732,4042790535168.0,285754916864.0
262,124,3373,0,115,2,1638,11,59,56,100,7097.934375,103740.1625,-0.5038501024246216,81340162048.0,756133330944.0
263,190,3816,3,115,0,2131,3,55,51,100,6898.4359375,102361.7125,-0.5172905325889587,126174085120.0,660586954752.0
264,6145,3497,4,972,2,2106,62,14,63,100,6182.765234375,91749.2875,-0.8321061134338379,1167028518912.0,1586402557952.0
265,7993,3366,1050,20,0,2365,0,0,20,97,6075.3078125,88725.6,-0.8874449133872986,6853696684032.0,262420824064.0
266,6274,3357,5,18,0,385,0,0,15,26,16582.0921875,153812.725,-0.6226586103439331,1131822579712.0,163382001664.0
267,4034,3563,4,12,0,3537,0,9,7,62,10699.553125,125886.5,-0.5837435126304626,851748454400.0,237786464256.0
268,190,3819,3,139,0,2490,3,8,48,88,8247.07109375,111970.475,-0.47028911113739014,139270406144.0,430655078400.0
269,128,275,26,15,1,24,3,9,3,88,9505.9984375,122913.7375,-0.2773464620113373,156277784576.0,347718156288.0
270,4987,3350,0,1921,63,2713,48,59,48,100,6350.586328125,94359.65625,-0.7676495909690857,967107149824.0,4414708383744.0
271,6329,2754,5,21,0,1537,0,0,19,1,21002.7390625,171030.875,-0.562346875667572,1183422087168.0,133948358656.0
272,4034,3567,7,20,0,3521,0,7,7,33,15242.2421875,149687.75,-0.48588457703590393,866524790784.0,198324453376.0
273,3961,3604,3,1098,50,1197,36,4,12,100,6682.99296875,98585.3125,-0.6782170534133911,748557434880.0,3041701134336.0
274,6145,3561,2,51,33,4100,61,50,63,100,6122.24609375,90888.45,-0.8373398184776306,1229529546752.0,1879262756864.0
275,1214,3563,4,11,0,2602,0,11,55,68,10755.1546875,127995.7375,-0.42034050822257996,326733987840.0,288819970048.0
276,7998,2273,4,11,0,3841,0,3,15,5,17798.928125,153671.075,-0.7473858594894409,1552891510784.0,137896869888.0
277,1854,72,27,8,0,2282,0,7,4,90,7968.3421875,109873.85,-0.47717180848121643,544231653376.0,270936719360.0
278,900,3816,0,1951,0,3847,16,60,48,100,6811.75,101453.075,-0.540960967540741,297010593792.0,2314579214336.0
279,7166,3793,251,11,0,4045,7,0,16,74,8246.128125,105550.3375,-0.8427497148513794,2680138760192.0,264715763712.0
280,7577,3611,0,941,63,3854,63,71,8,100,5917.607421875,87315.8875,-0.8883050680160522,1459598131200.0,3648511279104.0
281,69,3607,0,20,0,7,0,3,48,3,28636.4,202783.4,0.16256962716579437,12266881024.0,173215481856.0
282,5786,3605,0,1842,62,3728,20,56,8,100,6183.691796875,92033.5125,-0.8167792558670044,1143224270848.0,4122324500480.0
283,414,2536,11,7,0,2597,0,3,11,59,12457.82578125,138231.6125,-0.3193467855453491,223127666688.0,213312143360.0
284,1137,3809,7,8,0,4093,0,3,14,34,16502.0203125,157559.6125,-0.26891303062438965,383081545728.0,181161066496.0
285,5252,3350,1,18,0,2333,48,59,11,96,6645.575,97078.8125,-0.7537803053855896,1004495896576.0,774914572288.0
286,6913,3552,27,27,0,2578,0,0,4,60,10089.8984375,118359.4,-0.7952656149864197,1435700297728.0,210064556032.0
287,3846,3560,3,1080,2,1202,27,7,12,98,6897.9078125,100676.75625,-0.6599013209342957,728720736256.0,1428921384960.0
288,8128,2775,4,986,0,2141,28,9,24,100,5866.4265625,87361.55625,-0.8871501088142395,1513505947648.0,1302871670784.0
289,13,3350,0,7,0,246,3,11,8,29,20661.2671875,175955.8,-0.008579729124903679,11237120000.0,242274566144.0
290,69,3600,0,20,0,7,0,2,48,61,13733.209375,145722.1,-0.18308737874031067,12266881024.0,245707538432.0
291,321,3607,59,8,0,37,3,9,3,90,8805.703125,116922.95,-0.36482569575309753,359309410304.0,307462275072.0
292,5,3345,2,3,0,266,0,11,23,0,29015.671875,203979.4,0.15743422508239746,20814080000.0,185871204352.0
293,14,3600,2,1991,2,1210,27,6,3,93,7986.9109375,110771.425,-0.4626852571964264,56817913856.0,2217884516352.0
294,1214,3567,11,19,0,2573,0,0,4,33,16862.534375,159264.0,-0.25489920377731323,361516204032.0,169771171840.0
295,1145,3820,3,151,56,2262,15,49,52,100,6934.88125,101786.675,-0.5525224208831787,297199370240.0,2491529035776.0
296,8034,3604,0,1842,63,2857,27,57,19,100,5877.52734375,86491.4625,-0.8963903784751892,1502782291968.0,4187118632960.0
297,5688,3609,4,11,0,4085,2,14,1,51,11523.803125,128265.925,-0.7024365067481995,1159667908608.0,246727966720.0
298,130,3808,5,13,0,386,0,5,8,2,27867.296875,200520.3125,0.11463918536901474,62311669760.0,153878511616.0
299,58,3600,0,43,0,568,0,3,48,28,20232.259375,174029.125,-0.053743988275527954,30817280000.0,226099363840.0
300,129,747,1,248,1,233,3,10,3,100,7599.42109375,109003.6,-0.39796215295791626,36076158976.0,563725926400.0
301,7966,3096,27,6,0,3293,0,0,8,35,12930.09765625,131732.95,-0.8022698760032654,1645089914880.0,160182042624.0
302,7938,3358,21,13,0,3650,0,3,7,24,14486.215625,138860.9,-0.7920936942100525,1622519054336.0,161791131648.0
303,6009,3819,0,1970,60,1872,20,56,51,100,6206.069921875,91919.2,-0.8310651183128357,1114337312768.0,4184090345472.0
304,2585,3615,56,20,0,3058,0,4,0,30,16690.18125,157763.3125,-0.33980047702789307,848272424960.0,180736999424.0
305,7864,3817,3,1975,63,2005,27,55,0,100,5938.4265625,87334.9625,-0.8920587301254272,1457467686912.0,4290692775936.0
306,6918,3310,4,19,0,2357,0,3,21,14,17180.7109375,153530.975,-0.7024253010749817,1310748835840.0,161900527616.0
307,4146,3607,7,20,0,4549,1,7,8,33,15091.334375,148727.975,-0.5083209276199341,923523088384.0,204911591424.0
308,6654,3608,229,8,0,2837,0,0,11,77,8147.7578125,106093.8,-0.8172547817230225,2434302214144.0,220324986880.0
309,5888,3433,4,23,0,213,0,0,7,67,10263.2734375,122541.7375,-0.6899499297142029,1053233250304.0,217923829760.0
310,6201,3010,5,21,0,3341,0,0,11,0,20106.4796875,166601.1,-0.6008179783821106,1226949787648.0,128375873536.0
311,1857,3102,11,20,0,3570,0,0,11,1,23693.6921875,185486.8,-0.14429737627506256,509820174336.0,130555052032.0
312,69,3600,1,20,0,4,0,2,48,29,21018.2359375,177219.6375,0.007897652685642242,17277440000.0,202922147840.0
313,198,2814,6,21,0,3647,0,0,7,33,17262.728125,161415.25,-0.190588116645813,198230376448.0,173125926912.0
314,6077,3539,4,20,0,1534,0,7,19,1,20972.984375,170736.4,-0.5756853222846985,1134324482048.0,159887802368.0
315,1983,3611,0,44,0,4093,19,58,63,96,7034.62265625,102173.8375,-0.5799382925033569,494513324032.0,685010124800.0
316,6210,3366,0,5,0,8,3,12,15,3,21716.8578125,174363.2875,-0.5438091158866882,1081328533504.0,185297043456.0
317,1905,3040,27,5,0,3612,0,0,23,34,16307.034375,156466.0,-0.29346761107444763,601628213248.0,168622391296.0
318,7970,3556,27,17,0,818,0,0,8,3,19252.83125,159817.8875,-0.7386820316314697,1555498270720.0,127817105408.0
319,3267,3349,3,883,0,2329,28,8,48,100,6551.00703125,98207.5125,-0.6424115300178528,669041295360.0,1235969376256.0
320,4039,3567,31,42,1,544,3,10,56,100,6856.1234375,101162.58125,-0.633795976638794,881674223616.0,396172886016.0
321,78,3600,7,20,0,996,0,3,3,2,26346.21875,195477.05,0.038340937346220016,85752307712.0,145324179456.0
322,4278,3562,4,20,0,2557,7,4,5,62,10756.9265625,126241.75,-0.5869159698486328,858473627648.0,268377030656.0
323,5,3345,0,4,0,266,0,11,23,2,28371.775,202031.2125,0.14577092230319977,10574080000.0,189498802176.0
324,185,2560,9,21,0,515,0,0,7,30,19940.628125,173127.675,-0.04120699316263199,97072005120.0,169997664256.0
325,3142,3817,3,1980,39,4085,19,53,63,100,6590.83125,97819.6875,-0.6598905920982361,711340195840.0,3533240532992.0
326,3006,3539,4,11,0,2590,0,7,12,6,21674.865625,177419.2125,-0.26401883363723755,638247632896.0,159608946688.0
327,6334,3103,10,8,0,3058,0,0,52,25,15374.921875,146680.2,-0.6753532290458679,1265378525184.0,173134594048.0
328,10,3817,0,7,0,4,3,12,15,29,21032.61875,177393.5125,0.009769636206328869,1886720000.0,251458813952.0
329,74,3600,6,20,0,571,0,2,3,2,27443.50625,199186.175,0.0967036634683609,64432001024.0,140544655360.0
330,6478,3600,5,9,0,3053,0,0,59,6,18559.4484375,159233.5625,-0.6733331680297852,1264663789568.0,153117392896.0
331,8130,3344,2,13,0,382,3,10,15,62,9976.99921875,116580.2875,-0.8273911476135254,1439445811200.0,260130701312.0
332,5809,2582,6,20,0,3853,0,4,12,1,20273.3125,168330.35,-0.5450593829154968,1182508122112.0,143860072448.0
333,8113,3567,4,20,0,995,0,3,28,2,19206.090625,159006.05,-0.7487198710441589,1469088661504.0,150627483648.0
334,8062,3103,123,8,0,4034,0,3,15,60,9604.0828125,113208.1,-0.8432947397232056,2180353359872.0,209223041024.0
335,6385,3053,4,29,0,2798,0,0,4,3,19530.6359375,164253.5875,-0.6201966404914856,1234051923968.0,135471030272.0
336,6342,3809,4,1173,57,3317,30,48,43,100,6087.659765625,90282.275,-0.8533514738082886,1245499752448.0,3425066287104.0
337,126,3355,0,1937,1,2314,4,36,15,100,7013.725,103340.10625,-0.5054105520248413,106348789760.0,2141955686400.0
338,66,3567,1,20,0,246,0,5,55,29,20576.4625,175428.425,-0.020599571987986565,25583362048.0,223006785536.0
339,894,3358,4,12,0,2580,0,0,11,3,23978.509375,186877.7,-0.09098900854587555,270225899520.0,127043108864.0
340,834,3089,4,19,0,1511,0,2,12,4,24573.759375,189208.7125,-0.043366938829422,220784001024.0,145280253952.0
341,1854,3102,20,20,0,3570,0,0,4,48,13757.78125,144452.675,-0.3517557680606842,555377885184.0,189932273664.0
342,192,3553,6,19,0,2495,0,3,8,30,17936.49375,164225.675,-0.18637977540493011,155160969216.0,183784210432.0
343,5,3310,0,2,0,260,16,55,16,65,12784.47421875,140776.3375,-0.22039254009723663,10355200000.0,633724207104.0
344,6265,3612,7,21,0,995,0,3,7,28,15814.09375,149891.9,-0.652739942073822,1162748755968.0,175498969088.0
345,5182,3864,7,8,0,7946,3,9,4,28,15165.73125,147177.375,-0.6195898652076721,1227792580608.0,204047941632.0
346,6513,3632,10,10,0,3090,0,0,59,59,10225.9296875,119370.9625,-0.7806189656257629,1297706254336.0,224220381184.0
347,189,3816,2,117,0,445,0,6,0,90,8593.1546875,115290.65,-0.3949572741985321,59374723072.0,361937043456.0
348,126,3566,0,81,1,1389,3,21,7,100,7091.1515625,104173.1125,-0.49506092071533203,72604803072.0,467447218176.0
349,6328,3355,3,1942,62,1845,59,43,15,100,6193.683984375,91698.9625,-0.8352949619293213,1184243908608.0,4392191787008.0
350,3205,3350,1,51,0,1690,63,52,12,95,7203.8828125,103263.38125,-0.5971524715423584,624697606144.0,902966214656.0
351,177,3566,6,20,0,3101,0,4,4,1,24812.340625,189975.05,-0.0468178428709507,174656651264.0,148143210496.0
352,1821,70,27,6,0,3298,0,0,0,35,16651.9640625,158647.2,-0.2125699818134308,575550717952.0,155857272832.0
353,7678,3812,229,4,0,5622,0,0,20,66,8939.4109375,109222.2125,-0.8496139645576477,2714156924928.0,207179759616.0
354,7358,3553,4,11,0,3563,0,0,4,3,18382.5234375,156488.425,-0.7348847389221191,1431338876928.0,120317722624.0
355,6670,3811,250,4,0,5129,0,0,11,69,8893.92265625,110722.1,-0.8146718144416809,2628219305984.0,206506541056.0
356,66,495,5,20,0,3355,0,3,12,5,24286.2625,188444.5,-0.007584379520267248,159479693312.0,151539728384.0
357,190,3344,2,10,0,29,0,6,4,25,22047.421875,181209.4875,0.03406480699777603,44373123072.0,187059290112.0
358,5949,3567,27,20,0,1598,0,7,20,71,9305.31328125,115572.575,-0.7379528880119324,1232136962048.0,253460692992.0
359,2174,3551,4,28,0,2577,0,0,12,1,23510.7359375,184590.25,-0.17541930079460144,492938887168.0,138352197632.0
360,1917,3588,7,25,0,3101,0,0,0,28,17449.7453125,161441.3125,-0.282114714384079,482675884032.0,165586796544.0
361,3850,3817,0,12,63,1832,20,12,15,100,6686.6609375,98801.5875,-0.6644664406776428,737039351808.0,2457585057792.0
362,142,3359,7,20,0,6660,0,0,3,29,17926.553125,164199.1375,-0.1831369251012802,303516188672.0,165124964352.0
363,827,3349,0,880,0,3814,16,11,51,99,6932.025,102403.675,-0.526469349861145,283098841088.0,1181771235328.0
364,8113,3536,4,28,0,2029,0,4,12,2,18655.5,156425.9125,-0.7589278221130371,1506808954880.0,152014258176.0
365,8957,3809,26,136,0,6135,9,52,15,100,5636.257421875,83681.9875,-0.9120507836341858,1916159393792.0,595178291200.0
366,8892,3821,229,119,0,6116,8,15,48,99,5714.701171875,84201.0,-0.9113506078720093,2943511166976.0,465117806592.0
367,6273,3612,7,20,0,1514,3,0,15,2,20555.1796875,168662.0625,-0.6053779125213623,1183074484224.0,152097882112.0
368,125,3600,2,4,0,740,0,2,0,37,17850.9890625,164481.375,-0.118928462266922,58995195904.0,172272762880.0
369,4804,3349,3,893,0,2713,44,8,8,100,6295.630859375,94797.9125,-0.7460670471191406,950610624512.0,1315853828096.0
370,5,3566,6,1985,63,709,76,40,11,99,7372.634375,105861.325,-0.4826991558074951,57454718976.0,4665425002496.0
371,189,3823,5,117,0,445,0,6,7,69,11795.6125,135420.1,-0.2777939438819885,74734723072.0,337950736384.0
372,5233,3815,4,8,0,7412,0,4,3,3,19798.0359375,166506.8625,-0.5588999390602112,1201830494208.0,132671111168.0
373,6073,2536,20,15,0,2554,3,1,8,35,14190.1625,142627.0375,-0.6355013847351074,1252757733376.0,190365696000.0
374,3203,3349,0,1139,0,2326,28,59,48,100,6564.4859375,98378.3125,-0.6384866237640381,642430795776.0,1652243955712.0
375,385,3535,20,10,0,994,0,0,4,3,26006.6328125,194360.925,0.027383649721741676,205681917952.0,122441965568.0
376,6015,3610,123,11,0,3050,0,0,8,12,17804.2109375,157633.8,-0.6338958740234375,1788115288064.0,135017791488.0
377,1857,3553,11,20,0,3572,0,0,11,2,23312.5984375,184044.175,-0.1656239628791809,509893050368.0,132306616320.0
378,8835,3810,229,119,0,6132,9,8,15,100,5651.37578125,83927.08125,-0.91033935546875,2934172286976.0,432013737984.0
379,6145,3812,0,1942,62,140,100,36,55,100,6415.4359375,94135.2625,-0.8233755826950073,1074828869632.0,4626354012160.0
380,8181,3089,0,29,0,1042,0,4,12,1,19465.2875,160356.2125,-0.740178108215332,1462160588800.0,151169826816.0
381,577,3859,13,2,27,3829,16,59,62,100,6946.28203125,101989.925,-0.535827100276947,306686066688.0,1477731418112.0
382,881,3297,4,12,0,2578,0,0,11,0,24791.825,189655.7375,-0.07413075119256973,267889885184.0,122916331520.0
383,8062,3358,3,3,0,3348,0,8,23,3,17964.159375,153244.175,-0.7681270837783813,1540928307200.0,151357505536.0
384,1726,3521,107,11,0,1021,0,0,4,0,26065.60625,194384.6,-0.030788246542215347,885548122112.0,118733619200.0
385,8897,3859,1005,14,7,6649,20,32,62,100,5723.616796875,83883.31875,-0.9136658310890198,6936944181248.0,717270220800.0
386,4230,3557,4,24,0,2589,0,7,4,2,21602.6734375,175891.025,-0.3774413764476776,851285114880.0,158554783744.0
387,6527,3552,4,28,0,3117,0,0,59,58,10351.69375,120143.3,-0.777472734451294,1270408282112.0,238377304064.0
388,6470,3614,4,11,0,1045,2,1,0,29,15470.821875,147886.9875,-0.6776736378669739,1184899268608.0,169443573760.0
389,3,3561,0,1985,0,261,76,59,48,99,7445.23359375,107228.275,-0.4464893639087677,10043518976.0,2757877039104.0
390,8897,3815,10,479,28,5380,23,52,15,100,5738.012890625,84163.01875,-0.9123432636260986,1796252237824.0,1843449561088.0
391,74,3567,4,20,0,963,0,2,3,2,26436.125,195782.45,0.043525781482458115,68492165120.0,140028149760.0
392,3452,3605,7,908,63,3817,11,56,48,100,6559.4375,97453.6,-0.6713715195655823,776008499200.0,3336994291712.0
393,343,3812,6,119,0,6003,8,36,55,100,6799.609375,101411.26875,-0.5284903645515442,309418917888.0,602579992576.0
394,129,3551,11,16,0,1546,3,0,15,2,25179.5125,191248.475,-0.028364282101392746,135174397952.0,153018957824.0
395,133,3822,12,7,0,1786,0,3,11,61,12208.8234375,136865.975,-0.33406129479408264,149745926144.0,216932532224.0
396,1849,3812,4,11,0,4914,1,4,3,51,13091.82109375,140826.325,-0.3893168866634369,521616687104.0,210255790080.0
397,6785,3815,504,7,0,7188,0,3,3,59,10021.55625,117822.6,-0.8007890582084656,4023831494656.0,201966911488.0
398,6334,3614,11,20,0,2570,0,0,12,2,19722.434375,164639.9625,-0.6369552612304688,1252696260608.0,131490594816.0
399,3317,3601,0,108,0,1512,24,15,15,100,6695.3796875,99897.875,-0.6156254410743713,632581062656.0,560835592192.0
400,62,3566,8,60,0,3573,15,7,11,99,6971.39921875,102948.75625,-0.5081323385238647,182096019456.0,440075223040.0
401,3904,3098,11,20,0,2581,3,0,11,33,15621.40625,152045.325,-0.43078893423080444,830083170304.0,191959957504.0
402,6077,3539,4,23,0,2562,0,7,19,26,15461.346875,147671.325,-0.6605137586593628,1171825754112.0,195461644288.0
403,6009,3556,4,24,0,4626,0,3,3,4,19108.1078125,162428.8875,-0.6267557740211487,1235283345408.0,143434694656.0
404,1,3310,0,45,0,245,0,55,23,61,13523.403125,144711.9375,-0.1972132921218872,9111680000.0,549381537792.0
405,1678,3823,6,8,0,5092,0,3,4,6,22268.234375,180354.65,-0.18240833282470703,508582363136.0,137143844864.0
406,99,3344,0,1058,0,260,31,21,60,98,7579.1421875,108242.5375,-0.4382188320159912,26718720000.0,1495016669184.0
407,7550,3609,504,7,0,1051,0,0,4,61,10085.98359375,117995.7625,-0.8138887882232666,3933124165632.0,194670673920.0
408,4866,3601,5,148,0,6120,25,55,15,100,6198.41328125,93662.2875,-0.7628603577613831,1095930871808.0,736305414144.0
409,2232,3602,27,8,0,2298,0,3,8,44,14406.9609375,147459.025,-0.3573446273803711,610617589760.0,189905387520.0
410,321,3557,4,5,0,2045,0,4,12,63,11809.9765625,134582.0,-0.3508140742778778,150961291264.0,222945820672.0
411,8250,3814,5,118,3,3047,31,55,15,99,5946.434375,86948.3,-0.8975740075111389,1572914724864.0,785541169152.0
412,3911,3818,4,1999,0,1557,4,15,12,100,6500.005078125,97469.5375,-0.6852760910987854,758106161152.0,2055891320832.0
413,58,2831,1,123,0,260,15,11,31,97,7823.21640625,110053.25,-0.4029727280139923,24701440000.0,528127524864.0
414,1862,3586,11,11,0,3325,0,0,3,15,20243.525,172783.1,-0.2231696993112564,501752954880.0,137643655168.0
415,4293,3690,0,1933,35,1808,19,55,15,100,6504.8359375,96494.3375,-0.7206218242645264,813281312768.0,3339731337216.0
416,73,3353,23,20,0,6651,0,0,0,29,17960.1546875,164403.275,-0.17859941720962524,373096349696.0,163619241984.0
417,6273,3551,11,30,0,2066,0,0,48,58,10702.6421875,123227.625,-0.7436763644218445,1223691599872.0,234303963136.0
418,2628,3558,5,11,0,2170,0,2,12,80,8893.5578125,115708.2875,-0.5268954634666443,562243829760.0,237522845696.0
419,3964,3098,11,20,0,1562,3,0,11,62,11318.76796875,130556.8,-0.5037846565246582,803354705920.0,230772490240.0
420,78,3536,4,19,0,1579,0,2,3,2,25174.940625,191302.225,-0.027082346379756927,91660156928.0,138456154112.0
421,8384,3827,18,16,12,6023,28,39,61,100,5784.93671875,85009.35,-0.9056844115257263,1771365728256.0,945861623808.0
422,6193,3353,20,11,0,6901,0,0,2,61,9991.053125,118573.225,-0.7590100765228271,1432225841152.0,196252663808.0
423,197,3566,4,4,0,2293,2,3,8,62,11964.0765625,135468.7,-0.3430616855621338,138422370304.0,227404546048.0
424,1857,3552,11,27,0,3091,0,3,11,2,23383.91875,184319.3125,-0.16327917575836182,492346277888.0,151843061760.0
425,2182,2576,21,49,0,3781,15,20,11,99,6769.2140625,100701.80625,-0.5679014325141907,625293459456.0,481854291968.0
426,1841,3833,27,11,0,5421,0,0,2,34,16119.8640625,155550.825,-0.31534862518310547,656479420416.0,162870607872.0
427,8121,3358,22,20,0,539,0,0,0,29,14658.0078125,140852.0625,-0.7783482670783997,1546006167552.0,160400736256.0
428,841,3733,3,68,39,4090,16,10,60,100,6916.40078125,101674.8375,-0.5435876250267029,310964453376.0,1734811320320.0
429,8078,3558,27,8,0,2858,0,0,20,47,11263.55,122653.2,-0.827361524105072,1648718118912.0,184979537920.0
430,7297,3589,503,0,0,2821,0,0,3,12,16923.0375,151207.2,-0.7421508431434631,3948531417088.0,122690478080.0
431,3515,3610,10,11,0,6021,0,5,11,12,19510.44375,168403.75,-0.37002113461494446,882737283072.0,157474963456.0
432,8113,3357,11,20,0,1018,0,5,4,14,17019.521875,150772.575,-0.7608434557914734,1505767718912.0,160172769280.0
433,130,3816,4,119,3,2074,1,55,0,99,7178.675,104246.31875,-0.5065925121307373,118769909760.0,668653518848.0
434,186,3818,4,6,0,3330,0,3,11,34,16948.959375,159898.025,-0.2162918746471405,174337245184.0,179474186240.0
435,185,3838,4,4,0,2109,3,4,7,33,17342.1609375,161646.075,-0.20514380931854248,129621114880.0,200109408256.0
436,1997,3565,4,20,0,3306,1,2,11,14,20383.375,173206.1,-0.22926120460033417,488720629760.0,163924836352.0
437,1842,3335,4,11,0,3549,0,2,3,44,14427.915625,147699.4125,-0.3416252136230469,470602874880.0,185405751296.0
438,6526,3553,107,8,0,1053,0,0,4,0,21088.73125,170486.1625,-0.6162874698638916,1722299187200.0,114100969472.0
439,8893,3485,229,7,0,6140,7,4,12,91,6351.266796875,89177.9875,-0.9028831124305725,2944560791552.0,293620744192.0
440,7728,3558,20,8,0,4084,2,2,13,60,9656.7390625,113764.6,-0.8384666442871094,1596674408448.0,217615007744.0
441,8014,3837,11,21,0,1018,0,5,4,17,16448.06875,148203.525,-0.769600510597229,1488533716992.0,165611864064.0
442,8118,3353,24,8,0,2500,0,0,24,31,13599.8,134735.95,-0.8017496466636658,1627261501440.0,165752586240.0
443,4282,3611,4,23,0,4626,0,4,3,3,20850.1359375,172532.7625,-0.42649805545806885,934647037952.0,146395267072.0
444,6274,3808,4,16,0,3613,0,4,7,4,18951.21875,161146.7,-0.658334493637085,1244460351488.0,142528233472.0
445,6917,3611,8,3,0,4917,0,3,3,51,10986.7171875,122897.1875,-0.7942525744438171,1424443572224.0,187390541824.0
446,6278,3625,11,6,0,3314,0,0,48,37,13333.684375,136630.575,-0.7196423411369324,1270088990720.0,185750994944.0
447,3954,3093,4,24,0,2789,1,7,5,2,21883.915625,177414.4625,-0.32719331979751587,810534961152.0,165988712448.0
448,7014,3614,5,10,0,3078,3,2,7,1,19133.909375,160380.85,-0.7060062885284424,1358882537472.0,144373006336.0
449,3321,3544,13,28,0,1034,15,0,15,99,6910.33125,101887.30625,-0.5904571413993835,682400088064.0,372287602688.0
450,61,3330,2,11,0,498,0,4,4,16,23593.69375,186533.5625,0.033201221376657486,39025913856.0,163636674560.0
451,8001,3569,107,11,0,6933,0,0,9,29,13521.8953125,133822.825,-0.8099058270454407,2193569873920.0,157695492096.0
452,3991,71,20,7,0,5605,11,27,14,97,6813.103125,100372.6375,-0.593498945236206,1001623650304.0,460920127488.0
453,6785,3610,123,7,0,3044,0,0,8,13,17067.134375,152796.75,-0.7096056342124939,1921937833984.0,132724310016.0
454,3910,3818,0,1871,50,1524,59,63,12,100,6599.646875,97608.8,-0.6935006380081177,736248397824.0,4030683676672.0
455,8118,3359,23,20,0,1059,0,3,3,29,14452.8328125,139621.8875,-0.7837998270988464,1569573961728.0,172549570560.0
456,188,3611,5,20,0,3348,0,3,12,1,24751.940625,189716.3625,-0.05039345100522041,180462075904.0,147519012864.0
457,69,3560,4,19,0,2101,0,2,3,78,9611.06015625,121407.825,-0.41437235474586487,109135986688.0,240198041600.0
458,6596,3545,4,15,0,1514,5,9,13,76,8546.08828125,109563.875,-0.7955433130264282,1223942340608.0,289629536256.0
459,382,3542,20,19,0,1018,0,0,12,63,12356.8375,138077.475,-0.29361653327941895,206035189760.0,215600463872.0
460,2821,3346,0,1011,0,3322,8,21,31,99,6682.84609375,99546.6,-0.6145947575569153,612266213376.0,1264322740224.0
461,2175,3818,4,1929,63,1676,27,52,15,100,6839.4734375,100685.8625,-0.5943022966384888,460244582400.0,4308330610688.0
462,7938,3358,1,4,0,13,1,11,23,25,15657.69375,145886.7,-0.7584595680236816,1387441553408.0,199342374912.0
463,7993,3812,0,2000,1,20,23,31,51,100,6071.253125,89315.1625,-0.8850607872009277,1392150839296.0,2260647280640.0
464,6396,3611,26,6,0,2794,0,3,19,50,11520.3390625,127301.525,-0.747255802154541,1348460609536.0,197879119872.0
465,7986,3557,2,249,0,6132,79,11,12,99,5832.60703125,86364.35625,-0.894909679889679,1624138055680.0,978846744576.0
466,2567,3817,3,1075,39,4085,28,53,48,100,6682.68984375,98977.3625,-0.6252236366271973,611244179456.0,2805423407104.0
467,1465,3582,4,11,0,2173,63,2,3,96,7196.1828125,103892.7625,-0.5404632091522217,354778152960.0,680800616448.0
468,7017,3585,4,10,0,3577,0,2,7,14,16632.840625,150193.7875,-0.7319284677505493,1372488466432.0,142972059648.0
469,1862,3822,27,8,0,5922,0,4,4,35,15904.9140625,154549.625,-0.3215864598751068,678411632640.0,180286013440.0
470,2949,3557,7,13,0,3429,3,2,15,83,8326.58828125,111294.925,-0.5806890726089478,674291843072.0,263630356480.0
471,1601,3389,106,11,0,1010,0,0,4,0,26210.034375,194922.275,-0.016720503568649292,858266796032.0,118714753024.0
472,7950,3609,27,7,0,7706,0,0,6,3,17695.365625,151852.45,-0.7758041620254517,1803291066368.0,117933146112.0
473,189,3356,4,21,0,2522,0,3,11,57,12786.3875,139982.075,-0.314879447221756,145383686144.0,223281758208.0
474,124,3359,5,21,0,3841,0,3,4,2,24518.33125,189013.6875,-0.04652782157063484,187305607168.0,145331191808.0
475,7213,3345,4,11,0,1085,0,5,3,3,19844.1421875,164175.15,-0.683998167514801,1315699687424.0,137671000064.0
476,1968,3627,5,7,0,2539,0,3,28,14,20524.99375,173716.6625,-0.2203558385372162,460812156928.0,160137478144.0
477,13,3830,0,1017,0,26,28,48,15,99,7556.0515625,108412.0375,-0.4264257252216339,3211520000.0,1548963545088.0
478,6526,3610,26,7,0,2843,0,3,23,50,11454.434375,126653.125,-0.7584033012390137,1372878798848.0,200857747456.0
479,838,3589,7,5,0,3010,3,4,9,62,11740.0046875,133983.9,-0.37385159730911255,291523821568.0,238748090368.0
480,194,3837,4,11,0,466,0,4,4,16,23528.346875,186283.675,0.022216955199837685,71251197952.0,163281731584.0
481,2948,3821,7,10,0,3098,3,2,7,46,13566.7734375,142554.5875,-0.44128337502479553,662042705920.0,207920300032.0
482,881,3865,0,2,0,3610,3,0,11,3,23680.5375,185700.775,-0.1112043708562851,285057318912.0,138950688768.0
483,1929,3350,8,4,0,1021,0,0,3,44,15531.140625,153700.4125,-0.25293871760368347,414006312960.0,170871046144.0
484,3969,3558,24,9,0,3285,0,3,8,47,12965.5390625,138611.0,-0.5235859155654907,933640273920.0,192316342272.0
485,7537,3614,7,6,0,2661,0,2,4,1,18909.4453125,158427.4375,-0.7355990409851074,1444954374144.0,120446754816.0
486,1942,3553,5,11,0,3829,0,2,8,15,20142.7390625,172309.075,-0.23050330579280853,503345283072.0,149247246336.0
487,189,3333,2,7,0,1322,0,4,11,15,22108.80625,180707.45,-0.07052865624427795,91367686144.0,160862224384.0
488,5766,3819,0,1970,60,1872,20,56,51,100,6244.41953125,92543.98125,-0.8177897334098816,1072035921920.0,4185864536064.0
489,3973,485,6,11,0,3355,0,2,3,3,22270.2921875,179738.45,-0.22680844366550446,844730204160.0,127545745408.0
490,1137,3817,8,12,0,514,0,0,3,19,22143.384375,181177.075,-0.048987697809934616,257639694336.0,145320656896.0
491,138,3304,4,19,0,2517,0,2,4,13,21912.328125,179861.65,-0.0947592705488205,136323203072.0,153472122880.0
492,74,3599,4,20,0,1483,0,1,2,29,18554.621875,166952.025,-0.1577986180782318,87461756928.0,170320117760.0
493,1933,3347,27,20,0,2530,0,0,11,34,16375.5703125,156809.2375,-0.2953346371650696,567030972416.0,175343337472.0
494,7489,3485,20,7,0,6140,0,3,11,60,9676.9953125,114197.275,-0.8325398564338684,1630072209408.0,206717157376.0
495,7353,3818,4,7,0,772,0,12,14,3,19753.9125,163068.35,-0.7061175107955933,1328652615680.0,165820645376.0
496,3982,3577,27,21,0,1323,0,0,9,46,13929.040625,144471.15,-0.4550520181655884,879689596928.0,190428135424.0
497,7937,3815,100,7,0,3285,0,0,11,12,16397.7671875,146935.425,-0.7817858457565308,2013509713920.0,133073190912.0
498,6841,3824,4,4,0,2082,0,3,4,34,13884.61875,138825.8,-0.7446534633636475,1287312637952.0,166825951232.0
499,3959,3614,27,8,0,4325,0,3,8,12,19235.446875,166801.5375,-0.4165399372577667,985198755840.0,144717283328.0
500,8847,3309,1818,12,0,2533,0,0,4,31,13199.7015625,131668.0375,-0.8276063799858093,10940650094592.0,158531485696.0
501,1726,3641,10,11,0,3075,0,0,24,2,23447.23125,184496.675,-0.15870125591754913,463838117888.0,131871162368.0
502,2248,3606,2,1118,39,2037,76,53,0,100,6823.940625,100486.25,-0.5951881408691406,475881537536.0,3115504369664.0
503,1166,3350,0,2,0,1018,0,0,11,3,25701.7578125,193158.85,-0.0016364159528166056,240113909760.0,118722494464.0
504,518,3350,4,35,32,2058,28,42,51,100,7044.2421875,102927.4125,-0.5196670293807983,185729286144.0,1681288855552.0
505,8179,3818,3,24,15,186,3,15,0,98,6325.25,91337.50625,-0.8801546692848206,1445945671680.0,803052388352.0
506,7742,3482,59,7,0,6116,0,3,11,51,10680.046875,119648.0125,-0.8286975026130676,1872919134208.0,194747695104.0
507,7950,3609,27,6,0,5605,0,2,26,1,18086.6609375,153306.85,-0.7732459306716919,1726646321152.0,132370743296.0
508,6534,3553,5,10,0,3595,0,2,7,45,12042.7984375,129668.425,-0.7525113821029663,1294184087552.0,184312430592.0
509,3262,3797,3,62,0,517,4,1,51,92,7778.08125,108029.4125,-0.5654513239860535,602069139456.0,340484259840.0
510,2030,3613,21,11,0,3842,0,3,23,15,20065.36875,171897.75,-0.24028462171554565,601058574336.0,161907834880.0
511,4229,3609,6,8,0,3355,0,0,4,2,21283.771875,174365.9125,-0.40191590785980225,889294684160.0,117143855104.0
512,4030,3561,5,23,0,3371,0,3,8,15,18687.578125,164639.875,-0.4213876724243164,850116542464.0,161663729664.0
513,3962,3557,7,14,0,661,0,0,15,80,9085.8234375,116971.95,-0.5609108209609985,749658374144.0,232715649024.0
514,4090,3614,5,11,0,3332,0,4,12,24,16867.8734375,156897.0875,-0.46090957522392273,859138555904.0,169452650496.0
515,7025,3358,5,11,0,2579,0,0,11,1,19421.1078125,161989.25,-0.6917048692703247,1342593957888.0,121378840576.0
516,8526,3485,234,7,0,5923,0,3,11,43,11436.0390625,122501.3625,-0.8416005373001099,2898357387264.0,183950180352.0
517,578,3810,4,4,0,6147,0,2,4,35,16464.0375,157629.2375,-0.24412953853607178,345340772352.0,169576660992.0
518,317,3739,59,4,0,6171,0,3,8,61,11917.559375,135186.5625,-0.35082554817199707,582381469696.0,212031553536.0
519,510,3814,7,7,0,1781,0,4,11,2,24731.36875,189584.35,-0.05910838022828102,189591699456.0,141987332096.0
520,265,3615,4,5,0,538,0,1,4,27,20510.353125,175237.05,-0.04590078815817833,86237446144.0,156532523008.0
521,329,3478,4,19,0,618,0,4,3,58,13641.1046875,145101.725,-0.2268633395433426,100296957952.0,225680785408.0
522,141,3808,4,10,0,508,0,5,4,2,27550.68125,199501.225,0.09879060834646225,63557124096.0,148802011136.0
523,5,3345,2,12,0,138,0,4,8,0,29391.69375,205243.675,0.17739282548427582,16144640000.0,145680515072.0
524,3454,3306,27,8,0,2834,0,3,12,44,13801.353125,143564.0625,-0.4491831958293915,842896506880.0,190255202304.0
525,8185,3353,26,7,0,3124,0,1,8,19,15237.3640625,141852.0,-0.7924979329109192,1671928217600.0,143535177728.0
526,1726,3641,10,8,0,3075,0,0,39,2,23435.6859375,184374.95,-0.1606137603521347,463838117888.0,137548251136.0
527,6274,3347,5,2,0,3069,0,4,8,2,19628.25625,164420.975,-0.6253166198730469,1229735067648.0,127894880256.0
528,382,3609,26,8,0,356,0,2,23,50,15464.275,154023.975,-0.16393132507801056,212605452288.0,206094696448.0
529,7990,3563,4,15,0,2085,0,2,4,51,10983.19375,121723.175,-0.8229240775108337,1487439921152.0,194568421376.0
530,6266,3822,11,11,0,514,0,0,15,61,10758.8265625,124366.25,-0.7326444387435913,1165856079872.0,204283183104.0
531,502,3601,29,4,0,2051,0,0,8,51,13795.1328125,145137.85,-0.2993519902229309,310688645120.0,183737155584.0
532,3330,3354,26,8,0,2828,0,4,12,39,14712.959375,148117.9375,-0.42171648144721985,815971762176.0,187923283968.0
533,4302,3818,2,194,7,778,78,4,51,99,6884.86015625,100258.21875,-0.6818673610687256,787513540608.0,1141068660736.0
534,4026,3610,4,11,0,2532,0,2,7,60,11123.98828125,128641.1625,-0.558949887752533,813693468672.0,206853636096.0
535,77,3554,5,235,0,3076,12,6,3,98,7100.8484375,103832.8875,-0.5021198391914368,151216652288.0,554247323648.0
536,350,3865,12,4,0,3613,0,0,8,60,12121.4203125,136241.5,-0.3496847450733185,254170234880.0,195741040640.0
537,7858,3556,3,1929,0,4128,7,63,12,99,5880.840234375,87235.7625,-0.8899388313293457,1533870080000.0,2161153409024.0
538,3973,3610,11,11,0,6522,0,2,8,83,8038.58359375,108360.425,-0.6585547924041748,985862504448.0,237542637568.0
539,4235,3345,5,18,60,3949,31,8,12,100,6453.748046875,96083.0375,-0.7113977670669556,906888347648.0,2410987126784.0
540,10,3856,0,11,0,116,0,13,13,29,20813.375,176554.35,-0.004227170720696449,5972480000.0,237234962432.0
541,117,3614,5,20,0,308,0,2,7,12,25080.0984375,191652.05,0.07218538224697113,57203195904.0,156759687168.0
542,6010,3601,1,1969,51,1346,44,55,51,99,6377.108203125,93673.6375,-0.818509042263031,1100443025408.0,4028268019712.0
543,7486,3562,0,7,0,3867,0,3,8,60,9742.4140625,114762.275,-0.8291240930557251,1444231249920.0,205221068800.0
544,1,3566,4,61,7,573,76,8,7,96,8031.3859375,111349.1125,-0.41217267513275146,41557118976.0,1050687307776.0
545,7025,3585,4,5,0,538,0,3,4,62,10335.4125,120653.4,-0.7818820476531982,1263018180608.0,204709019648.0
546,369,3346,28,4,0,893,0,0,0,3,26275.975,195328.575,0.04430656135082245,240172138496.0,114927304704.0
547,10,3822,1,4,0,244,3,11,16,29,20590.75,175623.1625,-0.018672743812203407,15761920000.0,242707496960.0
548,10,3817,0,248,0,4,3,12,15,29,20874.2140625,177250.375,0.0015306508867070079,1886720000.0,453331353600.0
549,7965,3353,100,4,0,234,0,0,11,0,20261.90625,164155.225,-0.7216780185699463,1907083313152.0,114071142400.0
550,8121,3809,996,7,0,484,0,3,5,60,10097.9375,117142.5,-0.8330437541007996,6530879455232.0,204280889344.0
551,102,3614,5,11,0,3813,0,3,8,7,23173.7328125,184304.9875,-0.0770309567451477,182454370304.0,145801248768.0
552,1129,3601,8,10,0,762,0,1,3,16,22576.11875,182643.15,-0.0492108054459095,265294053376.0,144255008768.0
553,53,3344,3,11,0,1291,0,15,8,29,18800.6375,168036.7125,-0.13841573894023895,71681916928.0,240410165248.0
554,3802,3609,2,1946,63,1557,15,38,7,100,6619.1203125,97991.7125,-0.6786436438560486,728891457536.0,4181372960768.0
555,264,3090,26,11,0,2331,0,0,12,0,25319.4375,191703.4,-0.03006967157125473,264112046080.0,122856038400.0
556,126,3565,3,77,3,2015,19,55,56,99,7191.9421875,104210.425,-0.5056420564651489,110801297408.0,774199312384.0
557,6845,3833,6,112,13,6151,15,43,0,100,5986.6421875,88836.4125,-0.8713287711143494,1446686228480.0,971461820416.0
558,8162,3361,123,4,0,266,0,0,11,0,20049.9109375,162818.65,-0.7341018915176392,2060305039360.0,114064326656.0
559,7998,3808,923,7,0,3819,0,3,11,51,10672.4390625,119517.2,-0.8354872465133667,6257368891392.0,195298344960.0
560,2305,3566,23,8,0,1050,0,0,3,32,17760.8140625,163389.55,-0.22958596050739288,557318406144.0,158233788416.0
561,14,3537,3,19,0,277,0,2,15,1,28599.215625,202792.9,0.14562857151031494,27902078976.0,145458069504.0
562,8162,3814,100,7,0,3892,0,1,11,12,16167.2859375,145277.2,-0.7938212156295776,2074821132288.0,136444444672.0
563,1929,3822,1,10,0,138,0,0,11,16,22932.703125,183856.025,-0.0620882473886013,345954582528.0,143543140352.0
564,6522,3605,7,114,0,4377,8,0,48,99,6033.12421875,90074.63125,-0.8526167869567871,1330862620672.0,412825878528.0
565,310,3607,4,13,0,538,0,1,3,4,26823.340625,197203.2,0.08112086355686188,94071029760.0,131567312896.0
566,0,3553,3,23,6,29,34,17,3,70,12554.4796875,140165.5125,-0.20387953519821167,16417920000.0,724255375360.0
567,6526,3558,11,11,0,1524,0,0,11,61,10389.3140625,121388.05,-0.7595621943473816,1247961677824.0,201581428736.0
568,6198,3353,21,11,0,5620,0,1,6,44,12259.13046875,131382.5125,-0.7240174412727356,1391485386752.0,179570229248.0
569,8517,3716,6,68,77,6394,13,75,61,100,5770.916796875,84799.69375,-0.9071455001831055,1746612518912.0,3090217435136.0
570,1914,3095,11,31,0,2093,0,0,4,53,13084.70625,141103.9625,-0.3587401807308197,465861705728.0,206273527808.0
571,3655,3612,4,10,0,2281,3,1,0,28,16752.20625,157332.025,-0.39880141615867615,739953344512.0,175292170240.0
572,8065,3558,4,7,0,1236,0,0,4,49,11448.32421875,124542.3,-0.8155885338783264,1469524344832.0,178069995520.0
573,5249,3631,2,11,2,3086,0,15,56,58,11142.2109375,127674.35,-0.6666345596313477,1036563120128.0,337537269760.0
574,130,3556,4,27,0,2077,3,0,7,33,17417.084375,162062.05,-0.194713294506073,118879354880.0,199832715264.0
575,3212,3625,6,1141,3,2844,16,55,0,100,6628.2125,98340.675,-0.6519435048103333,693614084096.0,1605679579136.0
576,8062,3568,116,0,0,6122,0,0,49,61,9388.01484375,111328.5375,-0.8536223769187927,2220683427840.0,212454211584.0
577,1721,3557,4,19,0,4706,0,2,3,51,13180.875,141432.075,-0.37286263704299927,491746492416.0,201841983488.0
578,6334,3550,20,21,0,1261,0,0,8,26,15990.003125,150403.1125,-0.6583707332611084,1251024175104.0,162249555968.0
579,2841,3816,0,918,60,2945,42,52,32,100,6671.003125,98758.9875,-0.6382738351821899,601994756096.0,3417181782016.0
580,7742,3554,2,621,12,2296,31,55,40,100,5963.57421875,87738.975,-0.8882421851158142,1441725284352.0,1524764114944.0
581,1921,3809,0,22,0,3842,0,3,5,29,17130.1125,159952.6125,-0.29786917567253113,474563805184.0,180439171072.0
582,2687,3563,3,10,0,3028,63,43,59,91,7487.3984375,104998.65,-0.5977199077606201,593574363136.0,851297632256.0
583,125,3568,4,8,2,4060,3,13,48,92,7911.6390625,110046.95,-0.47474420070648193,190348820480.0,404522762240.0
584,7825,3563,4,1421,62,1221,32,6,60,100,6029.07265625,88392.2375,-0.886817991733551,1427198312448.0,3689202581504.0
585,2584,3818,3,1106,31,1541,13,92,43,100,6800.6546875,100158.2125,-0.613701343536377,521398452224.0,2621932830720.0
586,8254,3816,10,31,0,5347,4,12,16,58,9672.56796875,112677.175,-0.8561860918998718,1683114950656.0,282938343424.0
587,1102,3350,7,13,0,4093,0,0,11,3,23613.6390625,185511.875,-0.10960730165243149,376988762112.0,127751626752.0
588,6265,3626,8,25,0,786,3,0,15,26,16280.80625,152014.4375,-0.6453244686126709,1160244625408.0,188587556864.0
589,5049,3625,4,460,12,121,30,50,8,96,7148.221875,102097.8,-0.7179355621337891,903824015360.0,1363402948608.0
590,6013,3553,5,24,1,180,0,11,11,69,10174.1046875,122932.7375,-0.6947991251945496,1078909403136.0,296349925376.0
591,6297,3615,4,10,0,3075,0,3,56,35,13671.940625,138312.6125,-0.7151334285736084,1228837879808.0,201723871232.0
592,4707,3606,3,1942,0,1738,51,63,51,100,6362.987890625,95431.3375,-0.742987334728241,898156724224.0,2476919750656.0
593,8190,3353,27,7,0,821,0,0,12,2,19314.184375,159634.65,-0.7451577186584473,1593905119232.0,119764975616.0
594,8026,3811,0,1555,8,619,95,7,48,99,6139.68671875,89105.3125,-0.889069676399231,1419747262464.0,2442306256896.0
595,8157,3612,5,944,0,157,4,7,60,100,6009.43359375,88825.075,-0.8855270147323608,1451297603584.0,1135783444480.0
596,6329,3865,4,1086,6,2842,56,7,3,99,6195.055859375,91297.69375,-0.8499500751495361,1225908289536.0,1722838417408.0
597,833,3589,7,4,0,3054,4,4,55,92,7652.49296875,107179.15,-0.5165318250656128,292258578432.0,309436841984.0
598,1883,3408,2,1996,45,1960,7,5,52,100,6871.69375,101066.75625,-0.5750080943107605,409533448192.0,3513436602368.0
599,130,3867,3,15,29,2211,3,23,28,100,7052.05234375,103124.9,-0.5147671103477478,118647685120.0,1329223565312.0
600,1841,3344,40,140,1,5380,7,0,60,99,6840.9390625,101265.6875,-0.571008026599884,721543561216.0,470276210688.0
601,5062,3329,5,11,0,4098,58,19,3,92,6927.4578125,98779.30625,-0.7540762424468994,1056288079872.0,672633651200.0
602,2112,3701,0,467,61,2557,32,61,47,99,6904.4828125,101127.3125,-0.5909416079521179,460936314880.0,3050274816000.0
603,2629,3808,4,500,0,2244,15,52,48,95,7119.9375,102677.45,-0.6033631563186646,559997321216.0,991074451456.0
604,7421,3618,3,1868,44,2299,52,33,60,100,5973.712109375,87967.6625,-0.8842245936393738,1391075000320.0,3692828557312.0
605,6534,3600,4,232,48,4230,13,40,63,100,6049.9140625,89753.2,-0.8590537309646606,1312229163008.0,2209378467840.0
606,6337,3630,4,108,0,1483,2,22,0,97,6461.696875,94646.475,-0.8202626705169678,1177724649472.0,420459642880.0
607,3966,3835,3,822,13,2939,42,62,54,100,6485.03046875,96293.075,-0.713531494140625,812976046080.0,1845158739968.0
608,8831,3742,2,143,1,133,7,11,60,98,6174.3875,89540.6625,-0.8937820196151733,1552392126464.0,501572698112.0
609,952,3600,0,908,0,7572,63,8,15,100,6779.33125,101148.875,-0.5399022698402405,441950666752.0,1472840335360.0
610,7078,3614,4,924,1,2249,31,15,0,100,6011.4796875,89504.8875,-0.869957447052002,1334661742592.0,1301049114624.0
611,8075,3822,0,22,15,186,0,15,0,97,6434.04453125,92393.1375,-0.8760641813278198,1412481548288.0,782623113216.0
612,3902,3603,4,124,2,1279,0,10,62,91,7749.81875,107645.775,-0.6181266903877258,746398023680.0,468845199360.0
613,763,3608,3,1011,35,1291,35,58,31,100,7085.2421875,103290.175,-0.5249040722846985,195278733312.0,2710957981696.0
614,3334,3562,5,1902,3,2511,55,56,79,100,6618.3109375,97931.54375,-0.663413405418396,697584123904.0,2534589333504.0
615,6320,3547,0,979,0,3851,9,60,51,99,6091.495703125,90973.2375,-0.8395093679428101,1240670011392.0,1371754070016.0
616,6846,3593,5,19,1,3327,10,12,36,100,6005.80625,89771.2,-0.8619052767753601,1338720780288.0,406386343936.0
617,7527,3808,11,491,2,1080,3,54,0,99,6195.5765625,90771.95,-0.8739780187606812,1406018519040.0,912147087360.0
618,6529,2507,36,8,0,1013,0,0,59,92,7031.54375,99273.45,-0.7898721098899841,1357842612224.0,264761311232.0
619,8176,3816,1,1879,30,2023,23,94,60,99,5973.8796875,87113.31875,-0.8979262709617615,1502197186560.0,3263545737216.0
620,9,1555,4,70,0,22,0,5,23,100,7625.33359375,109363.5125,-0.3734416365623474,22849282048.0,348394782720.0
621,8066,3823,3,104,2,2069,14,24,27,99,6039.533203125,88480.39375,-0.88951575756073,1494966468608.0,562097815552.0
622,4101,3820,4,997,2,252,35,13,51,100,6811.4984375,100018.95,-0.6717149615287781,743575126016.0,1448540504064.0
623,7863,3386,3,1991,63,1267,71,52,40,100,6023.081640625,88324.9375,-0.8866156935691833,1430371303424.0,4560937025536.0
624,114,3600,4,11,0,2581,0,0,4,29,18158.2734375,165164.95,-0.179811492562294,134480003072.0,158112350208.0
625,3961,3816,7,9,0,874,0,0,8,9,21870.03125,178198.3625,-0.29618385434150696,757254324224.0,130281250816.0
626,13,3951,0,13,2,1547,1,6,20,50,14730.465625,150774.0,-0.24344108998775482,58697596928.0,297542647808.0
627,2945,3606,0,13,0,2533,0,0,12,7,21498.184375,176811.8375,-0.2633976936340332,605069377536.0,133174525952.0
628,6369,3837,0,841,51,2939,43,33,52,100,6090.81328125,90224.125,-0.8555690050125122,1215930171392.0,2978969288704.0
629,3973,3566,4,13,0,3843,0,4,11,3,21210.503125,174359.925,-0.38156846165657043,852292468736.0,142564868096.0
630,7806,2613,36,15,0,757,0,1,3,34,14100.571875,139548.5125,-0.7560427188873291,1570803548160.0,167102611456.0
631,4234,3604,3,1941,60,1872,27,62,51,100,6508.29140625,96475.1125,-0.7174618244171143,820705296384.0,4236075597824.0
632,2981,3601,8,11,0,1285,0,2,3,23,19082.753125,168297.4125,-0.25987696647644043,606769250304.0,156921200640.0
633,4437,3547,0,1067,63,2293,76,51,48,99,6551.53046875,96538.325,-0.7325491905212402,856041586688.0,3817715531776.0
634,8898,3816,39,4,0,5124,6,12,8,59,9402.690625,110071.6625,-0.8713117837905884,1935567618048.0,268160401408.0
635,956,3823,5,11,0,3303,0,3,15,61,11822.9796875,134358.225,-0.3813154399394989,312513953792.0,220621504512.0
636,1416,3558,6,10,0,3973,0,1,12,80,8999.59765625,116810.05,-0.4849909245967865,422152372224.0,233158508544.0
637,4999,3433,7,7,0,1052,0,1,11,37,15116.5734375,149165.675,-0.5199337005615234,944442966016.0,170644733952.0
638,4982,3610,4,4,0,1506,0,7,4,62,10877.77265625,126735.65,-0.6247456669807434,942685487104.0,220500918272.0
639,6278,3557,4,10,0,3553,0,5,4,13,17337.74375,154942.525,-0.664880096912384,1242967703552.0,151061921792.0
640,1728,3609,6,0,0,2314,0,7,11,50,13527.4640625,143252.7,-0.3562903106212616,415944900608.0,211588612096.0
641,5893,3737,1,930,35,2965,16,11,10,99,6264.76484375,92561.675,-0.8229562640190125,1139136397312.0,2302369857536.0
642,6918,3502,3,1333,45,2251,52,45,59,100,6056.64453125,89431.2625,-0.8688053488731384,1301762015232.0,3299310567424.0
643,1310,3433,3,1462,1,2537,52,20,43,100,6875.4875,101692.84375,-0.5504970550537109,335954542592.0,1962591911936.0
644,6814,3742,3,587,60,1847,54,60,55,99,6220.92109375,91165.175,-0.8618519306182861,1268919697408.0,3189074034688.0
645,8065,3361,4,28,0,2577,0,0,8,0,18811.909375,156992.375,-0.7564470171928406,1518444216320.0,132936859648.0
646,6214,2588,20,11,0,3346,0,2,7,11,18055.01875,158983.625,-0.6069187521934509,1306195263488.0,139072356352.0
647,8710,3838,27,137,0,6135,21,40,0,99,5737.59375,84715.275,-0.9080064296722412,1878281551872.0,618307387392.0
648,1206,3301,6,173,1,2,0,0,23,99,7625.534375,108984.15,-0.43450072407722473,240733405184.0,438125821952.0
649,7758,3737,4,26,0,3850,0,4,5,13,16263.35625,146676.7,-0.7765158414840698,1511440908288.0,161244266496.0
650,6542,3569,0,58,27,2076,50,52,38,100,6207.62109375,91780.4625,-0.8444689512252808,1214563745792.0,1625635553280.0
651,4572,3621,2,77,8,159,43,57,52,100,6873.1578125,100417.06875,-0.6759340763092041,811934023680.0,1034858266624.0
652,7103,3560,0,803,0,3211,9,59,52,99,5981.481640625,88946.58125,-0.8722071647644043,1353627729920.0,1213687922688.0
653,1073,3814,6,11,0,3578,0,0,12,24,18638.521875,166717.5,-0.21791784465312958,348033220608.0,155353055232.0
654,141,3356,7,21,0,5659,0,3,4,34,16911.153125,159841.175,-0.20659999549388885,266825580544.0,188599025664.0
655,6407,3866,12,1384,1,3863,62,59,7,100,6038.2203125,90238.55625,-0.8544997572898865,1317693030400.0,2021141905408.0
656,4861,3874,5,1032,52,2295,23,52,16,100,6363.89453125,94560.325,-0.7699422836303711,955524579328.0,3116415582208.0
657,3961,3691,3,1844,1,2810,58,6,65,100,6459.13671875,96519.58125,-0.7060617804527283,807399587840.0,2270468767744.0
658,5649,3839,26,112,12,2100,11,0,11,100,6327.25546875,93856.55,-0.7994493246078491,1193105948672.0,794037125120.0
659,3798,3823,3,628,30,1231,43,45,55,100,6713.48515625,98834.43125,-0.6750878095626831,721422778368.0,2182607011840.0
660,7745,3636,3,1923,8,738,60,4,63,99,6164.8359375,89705.10625,-0.8825015425682068,1390531837952.0,2553941590016.0
661,2365,3636,2,814,2,2819,21,33,40,100,6738.00546875,99830.71875,-0.6059128046035767,524776275968.0,1276842606592.0
662,8062,3540,10,20,0,2026,0,0,52,62,9602.096875,113412.85,-0.8419288992881775,1528541609984.0,232674869248.0
663,8167,3814,3,785,60,3835,9,59,3,100,5835.594140625,85920.15,-0.9002874493598938,1576972189696.0,3074884632576.0
664,6526,3822,0,1134,32,1918,52,55,48,92,6875.521875,96768.65625,-0.8424078226089478,1206014574592.0,2728627535872.0
665,3965,3811,2,820,12,1049,30,8,32,100,6708.9921875,98803.2625,-0.6812505125999451,738734768128.0,1559942660096.0
666,3230,3694,7,463,16,2409,28,59,7,100,6640.4921875,98397.675,-0.6545592546463013,685998669824.0,1528337399808.0
667,4985,3616,2,235,0,1034,48,3,8,99,6588.68359375,97634.975,-0.7298851013183594,915749011456.0,758759555072.0
668,165,3810,0,467,0,107,96,7,14,100,7442.85625,107474.7625,-0.43333882093429565,32626561024.0,1326403026944.0
669,2873,3546,12,1052,0,2829,11,39,48,100,6579.265625,98657.28125,-0.6261231303215027,664773656576.0,1398680584192.0
670,3441,3297,11,3,0,5420,0,7,8,61,11022.171875,128394.3,-0.5277895331382751,853050851328.0,222478188544.0
671,6466,1739,5,15,3,71,3,20,0,91,7597.84765625,105258.175,-0.7266148924827576,1153791295488.0,417662795776.0
672,8537,3556,5,109,7,2684,25,55,60,97,6106.01796875,88057.9375,-0.898145854473114,1609633366016.0,891829092352.0
673,58,3561,4,111,2,3066,3,48,0,99,7126.39453125,104042.8875,-0.5033740401268005,142424326144.0,624095395840.0
674,634,3792,7,1539,4,3129,2,2,56,100,6957.5640625,102118.375,-0.5351762771606445,260352622592.0,1751864049664.0
675,8071,3869,26,27,0,5131,6,0,56,99,5806.308984375,85993.6,-0.897840142250061,1725298638848.0,329794519040.0
676,7230,2799,4,994,0,2974,31,14,4,100,5936.158203125,89010.075,-0.8653316497802734,1387570003968.0,1334876045312.0
677,2622,3823,4,395,6,1999,11,40,63,100,6745.9734375,99547.1625,-0.6236615777015686,549841207296.0,1014490202112.0
678,4601,3556,4,171,14,1178,51,8,11,100,6675.14765625,98348.9625,-0.7036688327789307,864395526144.0,1177453461504.0
679,3335,3822,3,1011,4,1510,24,2,48,100,6701.02109375,98873.4125,-0.655996561050415,651001593856.0,1420318998528.0
680,8057,3607,7,941,61,2446,84,68,54,100,5897.947265625,86536.175,-0.8970775604248047,1527632363520.0,3708585771008.0
681,6198,3587,7,247,6,3070,12,57,60,100,6134.781640625,91071.5375,-0.838241457939148,1226781360128.0,922163347456.0
682,6273,3582,4,25,0,3557,0,3,4,2,19421.8609375,163230.9625,-0.6425443887710571,1242243268608.0,142124204032.0
683,7327,3509,25,39,3,4645,6,24,16,99,6027.3171875,88725.3875,-0.8789076805114746,1572933468160.0,483062054912.0
684,2162,3341,4,27,1,1255,28,9,53,98,7244.4265625,105022.475,-0.5262942910194397,442623295488.0,536582815744.0
685,7945,3297,0,2,3,2833,2,12,23,97,6191.868359375,89766.325,-0.8833726644515991,1486413365248.0,392091369472.0
686,4229,3605,3,1165,0,1300,10,16,48,100,6513.672265625,97457.225,-0.6944515109062195,798968315904.0,1395043598336.0
687,6398,3927,7,99,6,189,0,53,7,92,7264.18046875,101408.65625,-0.8066700100898743,1156498587648.0,678756220928.0
688,6465,2326,0,17,0,6273,5,4,25,92,6693.33125,95620.43125,-0.812491238117218,1354266181632.0,299175116800.0
689,6271,3601,0,24,28,900,28,48,3,96,6808.71015625,97863.64375,-0.8039796352386475,1124487659520.0,1473636204544.0
690,7311,3547,4,1934,6,1859,1,24,16,100,6031.5859375,88998.73125,-0.876489520072937,1360995287040.0,2189492879360.0
691,3906,3742,0,1009,52,839,40,7,4,99,6865.50078125,100310.60625,-0.6640571355819702,710563135488.0,3060139032576.0
692,4426,2168,37,21,7,3957,1,0,1,95,6991.34765625,100900.20625,-0.667793333530426,1104269672448.0,482895036416.0
693,6726,3611,0,47,1,1849,6,39,55,100,6158.18125,91734.85625,-0.8483744263648987,1238313730048.0,507741732864.0
694,8204,3876,2,473,63,3301,71,50,31,98,6002.6859375,87153.84375,-0.8995380401611328,1558812950528.0,3232869908480.0
695,1039,3553,1,372,3,1287,7,30,51,100,7087.090625,103296.8375,-0.5297466516494751,232938897408.0,846746746880.0
696,6465,3355,0,1974,0,4128,8,56,12,99,6090.33828125,91023.38125,-0.8402999639511108,1276016590848.0,2188864520192.0
697,7238,3870,4,591,63,995,4,60,56,100,6153.603125,90382.75,-0.8711751103401184,1316768710656.0,3008090341376.0
698,2494,3838,5,33,12,2557,24,59,12,98,6960.753125,101525.36875,-0.6002181768417358,553034776576.0,1013221556224.0
699,7945,3561,11,0,0,6378,3,15,50,93,6294.184765625,89616.76875,-0.8908089995384216,1672055095296.0,324918476800.0
700,6806,3367,4,946,1,1788,86,9,79,100,6103.89765625,90635.625,-0.8586991429328918,1270494920704.0,1668538826752.0
701,4630,3611,4,1935,3,2763,45,26,37,100,6394.865625,95028.7125,-0.7525342702865601,927264604160.0,2377094791168.0
702,2046,3629,24,114,0,821,7,30,36,99,7128.7359375,104137.9,-0.5249113440513611,508997763072.0,540235726848.0
703,2830,3556,29,31,0,3045,1,63,48,96,6934.425,100989.55625,-0.6187613010406494,752207790080.0,558806335488.0
704,7318,3585,4,24,0,2617,0,0,7,1,19103.49375,159780.025,-0.7208600640296936,1389865336832.0,130636185600.0
705,8039,3817,0,395,0,3202,11,3,59,98,5924.388671875,86974.0875,-0.8954900503158569,1516238143488.0,686688632832.0
706,7779,3606,0,481,4,3436,15,0,40,99,5973.289453125,87542.71875,-0.8913400769233704,1479513473024.0,890428588032.0
707,896,3361,47,207,3,2169,13,5,31,100,6992.365625,102458.3875,-0.532541036605835,475740864512.0,634977976320.0
708,6977,3864,7,104,3,4469,3,31,27,99,6060.296875,89266.625,-0.8736894726753235,1413425266688.0,549635883008.0
709,7612,3834,4,355,0,5882,8,64,63,100,5783.312890625,86383.4,-0.8905303478240967,1560152375296.0,846299267072.0
710,3026,2606,0,43,0,6900,1,5,4,94,7108.6765625,102274.0375,-0.6035352945327759,778477961216.0,297921740800.0
711,6633,3832,3,12,1,2939,12,24,48,100,6045.827734375,90342.4625,-0.8565289378166199,1277247356928.0,458756390912.0
712,4382,3305,20,55,0,1793,31,3,38,93,7181.15703125,102129.1875,-0.6735624074935913,930627059712.0,505660112896.0
713,5258,2648,21,76,0,3190,12,56,14,99,6323.623046875,94791.025,-0.7487812638282776,1139203899392.0,599205150720.0
714,3966,3606,1,1211,13,1837,7,59,11,100,6566.0765625,97356.2625,-0.6939788460731506,762535018496.0,1949957750784.0
715,7297,3790,9,113,0,3953,19,63,22,99,5928.15390625,88149.48125,-0.8793280720710754,1460547092480.0,682391175168.0
716,7544,3823,5,8,0,2237,0,11,3,98,6088.89375,89714.13125,-0.8754802942276001,1420465274880.0,285011935232.0
